,rr time,fl time,perf
astlingen_02_28_2007_12,25.191723346710205,249.4750802762368,3170.02454281046
astlingen_08_22_2007_21,7.298143625259399,187.56099606382435,4563.962186605689
astlingen_07_24_2008_15,13.971097230911255,187.58362570830755,1415.4915699667542
astlingen_02_13_2009_15,17.128254175186157,320.1648208697637,4293.912986818117
astlingen_10_01_2009_14,11.97360348701477,188.71573403229317,4644.735938180032
