,flood,cso,wwtp,tank,pump
test_0,2869.3132750348773,1321.3581543806656,-899.5905749053923,5000.0,58.87072800825283
test_1,7981.565811485735,2290.423614619974,-1020.6141211180435,0.0,100.50241385464719
test_2,11315.884620843917,2969.6566022668517,-1081.799293719353,10000.0,108.92398399642316
test_3,16740.83402098142,3205.09925721123,-1127.9480762731491,11000.0,126.52478601178895
total,38907.59772834595,9786.537628478722,-4129.952066015938,26000.0,394.8219118711121
