,rr time,fl time,perf,objective
chaohu_test_0,59.09006214141846,224.20037608676486,2869.313275034878,8349.951582518403
chaohu_test_1,60.003647565841675,226.368571764893,7981.565811485735,9351.877718842312
chaohu_test_2,59.011465549468994,224.0012924141354,11315.884620843919,23312.665913387842
chaohu_test_3,59.74999976158142,225.13375793562994,16740.83402098142,29944.50998793129
