,flood,cso,wwtp,tank,pump
test_0,2878.6938952651303,1571.8419802475223,-742.95417213782,1700.0,5.756998785627446
test_1,8175.8985908437835,2418.733826803513,-891.4591419810426,750.0,9.713511416904797
test_2,11970.51992963565,2955.686788564261,-890.3222234645091,1200.0,11.014546956380823
test_3,16273.975859499078,3475.6851236144526,-969.4205570627187,1450.0,12.055192019403993
total,39299.088275243645,10421.947719229749,-3494.1560946460904,5100.0,38.540249178317055
