,rr time,fl time,perf,objective
chaohu_test_0,52.063501596450806,96.81526153617435,2818.7928467387987,5913.263145074339
chaohu_test_1,50.63638877868652,139.5783073703448,8116.72683707508,12388.029846037707
chaohu_test_2,55.63544845581055,114.2093207637469,11893.787271551982,16814.012279031253
chaohu_test_3,50.2873809337616,140.04423516988754,16213.3133745648,21757.432463474746
