,rr time,fl time,perf
astlingen_02_28_2007_12,22.92594265937805,198.79657617036034,2145.6980802297585
astlingen_08_22_2007_21,5.922040700912476,199.17361645451908,3452.9726055902065
astlingen_07_24_2008_15,11.87995958328247,199.23791078797407,680.3681100751965
astlingen_02_13_2009_15,14.513704538345337,198.89805964456087,2962.552894786983
astlingen_10_01_2009_14,9.624935865402222,199.303800098598,3375.5087604652817
