,rr time,fl time,perf
astlingen_02_28_2007_12,25.113314628601074,137.35333457063226,2172.2391930167305
astlingen_08_22_2007_21,7.558420896530151,137.2382271885872,2688.854360100068
astlingen_07_24_2008_15,13.732033491134644,137.43141046323274,768.1631533756946
astlingen_02_13_2009_15,17.447334051132202,137.56044970387998,2784.0661544295663
astlingen_10_01_2009_14,12.18639874458313,137.47779490053654,2959.160533550895
