,rr time,fl time,perf
astlingen_02_28_2007_12,28.901379585266113,40.50727707030726,2360.2578922735024
astlingen_08_22_2007_21,8.250606536865234,40.48838992365475,3296.61184662954
astlingen_07_24_2008_15,15.875887155532837,40.504112775836674,824.4091951421739
astlingen_02_13_2009_15,19.530608415603638,40.50532592206761,3336.704160671239
astlingen_10_01_2009_14,13.568419218063354,40.52614133308331,3291.3546786398665
