,rr time,fl time,perf
astlingen_02_28_2007_12,19.475444555282593,43.172332541615354,1447.7239828871566
astlingen_08_22_2007_21,5.572437763214111,44.86525545860159,3022.0890892036014
astlingen_07_24_2008_15,10.745609760284424,43.96775684612138,64.43571277584547
astlingen_02_13_2009_15,13.490134477615356,44.22348933289017,2118.1862013540735
astlingen_10_01_2009_14,9.992900133132935,43.5168627128005,2912.817668011503
