,flood,cso,wwtp,tank,pump
test_0,3137.8068774834255,1456.9715752092645,-678.6843210328911,13000.0,5.717166561482227
test_1,8288.964661033198,2551.7403897458944,-829.1866439253508,7000.0,9.711033381701121
test_2,11698.09481474723,2981.0403042308926,-855.558371068483,24000.0,10.904773307081964
test_3,16239.33704532944,3649.0192685101565,-921.9267103542857,17000.0,13.755210758398846
total,39364.203398593294,10638.771537696208,-3285.3560463810104,61000.0,40.08818400866416
