,rr time,fl time,perf,objective
chaohu_test_0,57.368858098983765,133.37662575642267,3150.6730526225338,29611.216626797184
chaohu_test_1,63.88662052154541,153.66111512316598,8288.721411774783,17849.775526916346
chaohu_test_2,54.86900758743286,143.4006704952982,11675.202368141576,41666.360711634
chaohu_test_3,55.69944167137146,155.60683124595218,16179.786620430534,49844.2120946487
