,flood,cso,wwtp,tank,pump
test_0,3252.516387523173,1456.7475364762481,-672.9139040406546,17000.0,55.60099809270928
test_1,8086.971499197375,2557.001474677367,-826.2371263115855,26000.0,86.68905397028686
test_2,11442.77993474709,3105.8362970367216,-853.8771951116112,26000.0,110.5649781912713
test_3,16118.086320002236,3724.226878497857,-895.9273838052969,0.0,135.55811184864288
total,38900.35414146987,10843.812186688194,-3248.955609269148,69000.0,388.41314210291034
