,rr time,fl time,perf,objective
chaohu_test_0,54.810505390167236,130.73901552624173,3232.422139232024,24744.489579288213
chaohu_test_1,57.8777015209198,157.61687414513693,8109.037141291926,42734.8248611079
chaohu_test_2,61.73478698730469,147.29555757840475,11380.675878530834,43618.04893593129
chaohu_test_3,57.91753888130188,151.56192728545932,16066.626856515122,21926.16027484191
