,flood,cso,wwtp,tank,pump
test_0,3145.381603002315,1473.446275410388,-726.1399656401131,16000.0,4.869273004028444
test_1,8525.707936875868,2404.4914980822064,-888.8040205172291,13000.0,10.746788416022167
test_2,11429.239904120976,3119.7061123421263,-914.3520814083777,5000.0,11.531038666826838
test_3,16833.714729015137,3320.335109745709,-947.1550405470151,16000.0,12.090974746210414
total,39934.04417301429,10317.97899558043,-3476.4511081127353,50000.0,39.238074833087865
