,rr time,fl time,perf,objective
chaohu_test_0,62.21887516975403,221.9492050409317,3141.8203151139123,27088.027453327428
chaohu_test_1,60.871347188949585,227.54921912484699,8524.894448031351,27337.507158699398
chaohu_test_2,56.88863754272461,227.87633126974106,11412.06522010938,35652.18050305026
chaohu_test_3,55.44607067108154,232.36427976025476,16760.085063231476,43375.9739234018
