,flood,cso,wwtp,tank,pump
test_0,2846.2155781858946,1294.051812325441,-937.2739035703726,750.0,5.635124105919418
test_1,8065.245641076492,2222.8581716890076,-1021.16213301928,550.0,8.37530886246154
test_2,11403.664713000575,2840.21011733839,-1061.9168479842183,450.0,11.160261471914259
test_3,16415.902704177683,3184.2687109652634,-1110.7742660591434,2450.0,12.979758525132194
total,38731.02863644065,9541.388812318102,-4131.127150633014,4200.0,38.15045296542741
