,rr time,fl time,perf,objective
chaohu_test_0,52.35532331466675,222.5489003393385,2846.215578185894,3958.628611046882
chaohu_test_1,60.52752423286438,218.38169058826236,8065.245641076492,9825.316988608682
chaohu_test_2,48.79209351539612,218.93729131089316,11403.664713000571,13643.118243826659
chaohu_test_3,52.391985177993774,223.40467156966528,16415.902704177683,20952.376907608934
