,rr time,fl time,perf
astlingen_02_28_2007_12,25.082650899887085,29247.71942591667,3223.3433625345815
astlingen_08_22_2007_21,7.162320375442505,8363.283853530884,3539.7752305454305
astlingen_07_24_2008_15,13.679927825927734,15965.70279788971,869.0653977227689
astlingen_02_13_2009_15,16.957512855529785,19697.052167892456,3561.0910538103963
astlingen_10_01_2009_14,11.78773045539856,13934.52636384964,3066.3765891276175
