,flood,cso,wwtp,tank,pump,rough
test_0,3120.4060228276217,1456.132446318369,-845.7385690516462,17000.0,57.789178166402465,210.0
test_1,8382.688395268508,2422.465097065311,-967.7556366011916,5000.0,105.5962682345679,270.0
test_2,11087.786241267206,3517.1320444643507,-997.5639653565472,0.0,121.93962306896,250.0
test_3,16897.33415156987,3226.8175459955273,-1047.1369292614218,17000.0,134.5448699093943,250.0
total,39488.214810933205,10622.547133843558,-3858.1951002708065,39000.0,419.8699393793246,980.0
