,rr time,fl time,perf,objective
chaohu_test_0,56.58011603355408,227.5244432952669,3102.5548099803514,[20975.74131696]
chaohu_test_1,62.24611949920654,228.82392292552524,8319.19488742701,[14148.94551363]
chaohu_test_2,62.47556233406067,229.1378149125311,11083.376317544658,[13997.71795387]
chaohu_test_3,63.19359612464905,227.62390388382806,16795.03485611484,[43367.17874222]
