,rr time,fl time,perf
astlingen_02_28_2007_12,22.046010732650757,88.62627752388225,2145.6980802297585
astlingen_08_22_2007_21,6.35077977180481,81.39789365077841,3452.9726055902065
astlingen_07_24_2008_15,12.113983631134033,81.2629699238709,680.3681100751965
astlingen_02_13_2009_15,15.543502807617188,81.34618985134622,2962.552894786983
astlingen_10_01_2009_14,10.25100064277649,106.02159565438826,3375.5087604652817
