,rr time,fl time,perf
astlingen_02_28_2007_12,20.27194356918335,150.64909402178782,1242.9539840952343
astlingen_08_22_2007_21,5.83498477935791,150.59713200865122,2735.7404082966223
astlingen_07_24_2008_15,11.2217857837677,150.42752656766348,206.11527302377422
astlingen_02_13_2009_15,13.900073528289795,150.59405803853187,1903.810805032341
astlingen_10_01_2009_14,9.593236207962036,150.79289991905293,2626.2635552057664
