,flood,cso,pump,obj
test_0,3348.2814170787815,4522.00228191606,4.7135109279242275,5609.753909129604
test_1,8938.070335368337,10792.911057732796,159.43778100568125,14350.469642335302
test_2,12948.004521809375,15067.813127805464,160.2993950623447,20497.94102521834
test_3,16978.625992128393,19796.167295486368,313.38074402858064,26908.047714274435
total,42212.98226638488,50178.89376294069,637.8314310245307,67366.21229095769
