,rr time,fl time,perf,objective
chaohu_test_0,62.276845932006836,495.13013819853467,3351.8074392303533,4529.120482474536
chaohu_test_1,52.00388956069946,605.9879862599903,8920.378868724327,10935.575962523975
chaohu_test_2,58.87975192070007,568.8746348884371,12940.36400245828,15221.556073797028
chaohu_test_3,56.68928146362305,631.6536058187485,16947.215724357317,20081.28170780807
