,rr time,fl time,perf
astlingen_02_28_2007_12,20.22513723373413,44.04315589455997,2145.6980802297576
astlingen_08_22_2007_21,5.222626686096191,43.618253161167274,3452.9726055902042
astlingen_07_24_2008_15,10.039583683013916,42.935638427734375,680.368110075196
astlingen_02_13_2009_15,12.704430103302002,43.04861970915311,2962.5528947869793
astlingen_10_01_2009_14,9.486335754394531,42.189141968886055,3375.5087604652817
