,flood,cso,wwtp,tank,pump
test_0,3114.1554462445247,1605.65442551114,-836.9787160721307,3000.0,568.8434003832051
test_1,8593.197352181915,2418.868998579679,-931.428338456842,0.0,926.449284676243
test_2,11830.515824528384,3037.943390220108,-974.4304020280823,23000.0,1159.840535431943
test_3,17549.887081539673,3087.3427290176464,-1030.3261538686324,39000.0,1291.0539028525973
total,41087.7557044945,10149.809543328574,-3773.1636104256877,65000.0,3946.1871233439883
