,rr time,fl time,perf,objective
chaohu_test_0,59.598177433013916,219.5975267820888,3114.1554462445242,7451.674556066738
chaohu_test_1,57.70943546295166,223.6818770567576,8593.197352181913,11007.087296980995
chaohu_test_2,56.246379375457764,226.9660695195198,11830.515824528384,38053.86934815235
chaohu_test_3,57.44305968284607,227.370206826263,17549.88708153967,59897.95755954128
