,flood,cso,wwtp,tank,pump
test_0,2960.806802146619,1189.938862845552,-938.1049849330914,0.0,5.575930784601324
test_1,7657.478979532969,2442.496229007129,-1055.0179000291932,3000.0,9.84836397979808
test_2,10928.340570329367,3237.7445042818335,-1064.1220909146014,0.0,13.27308501190469
test_3,16250.645370380735,3377.502038100164,-1108.653883460675,9000.0,13.134798226775187
total,37797.27172238969,10247.68163423468,-4165.898859337562,12000.0,41.832178003079285
