,rr time,fl time,perf,objective
chaohu_test_0,53.95378398895264,219.7373719877667,2953.3048935779116,3207.218247042066
chaohu_test_1,55.771414279937744,221.42371859815387,7593.815243376625,10979.875743300652
chaohu_test_2,65.23657870292664,226.31525945663452,10882.84729114723,13069.525527636624
chaohu_test_3,61.39201641082764,219.80931046273975,16240.586291680982,28501.1697150737
