,rr time,fl time,perf,objective
astlingen_12_27_2007_17,1.9073486328125e-06,67.11942119559934,6598.569812627529,6900.458015076215
