,rr time,fl time,perf,objective
astlingen_02_28_2007_12,9.040729522705078,2.0931139167617347,2148.8785817902162,1437.6772878186514
astlingen_08_22_2007_21,2.4766042232513428,2.9275458598959037,3454.708957543121,5671.566071079675
astlingen_07_24_2008_15,4.77813720703125,2.6932007798126767,680.9397189120349,338.87814292568913
astlingen_02_13_2009_15,5.922853231430054,2.534930759581967,2966.609021496799,4043.5569470224427
astlingen_10_01_2009_14,3.9972193241119385,2.5993805502851806,3382.591330061986,3665.0455891530255
