,rr time,fl time,perf
astlingen_02_28_2007_12,18.405450344085693,43.072023754026375,2145.6980802297576
astlingen_08_22_2007_21,5.211299180984497,43.90019831986263,3452.9726055902042
astlingen_07_24_2008_15,10.289041519165039,44.65093533056123,680.368110075196
astlingen_02_13_2009_15,13.45220422744751,44.53835563037706,2962.5528947869793
astlingen_10_01_2009_14,9.257761001586914,44.72475764155388,3375.5087604652817
