,flood,cso,wwtp,tank,pump
test_0,2736.0912081232914,1294.1074142694383,-914.8521360861105,3000.0,5.951842559905553
test_1,7631.357397161467,2574.5620840342076,-1018.2853726765999,14000.0,10.202473643001262
test_2,11009.359798732661,3270.039557495254,-1064.1565725402402,3000.0,12.450633501997359
test_3,15932.059648618917,3571.022822654878,-1111.2551514752172,10000.0,13.796878874369867
total,37308.86805263634,10709.731878453778,-4108.549232778168,30000.0,42.40182857927404
