,rr time,fl time,perf,objective
chaohu_test_0,62.05873703956604,220.32106373707452,2736.0912081232914,6121.298328866524
chaohu_test_1,58.18385648727417,220.74218453301324,7631.357397161466,23197.836582162076
chaohu_test_2,52.90507364273071,224.00201126601962,11009.35979873266,16227.693417189672
chaohu_test_3,63.20073413848877,222.96260584725275,15932.059648618917,28405.624198672947
