,rr time,fl time,perf
astlingen_08_22_2007_21,0.5336987972259521,1956.7354633808136,2493.765888745172
