,rr time,fl time,perf
astlingen_08_22_2007_21,0.5276362895965576,6535.238855600357,4421.465488557677
