,rr time,fl time,perf,objective
astlingen_12_17_2007_20,6.788803577423096,26.148578450597565,706.3567936809658,800.6955912732719
astlingen_12_24_2007_21,8.849488258361816,24.35212294609992,462.96207446853856,-159.75494066943264
astlingen_12_27_2007_17,14.343570709228516,22.60723727941513,6970.643601107814,7412.335754919143
