,rr time,fl time,perf
astlingen_02_28_2007_12,18.811628103256226,23.888288925675784,2145.6980802297576
astlingen_08_22_2007_21,6.09466552734375,23.572721732073816,3452.9726055902042
astlingen_07_24_2008_15,10.013434886932373,23.736224061676435,680.368110075196
astlingen_02_13_2009_15,13.336305856704712,23.47673459502234,2962.5528947869793
astlingen_10_01_2009_14,9.069621801376343,23.301964628199737,3375.5087604652817
