,flood,cso,wwtp,tank,pump
test_0,2960.4314648933173,1603.9125337245605,-719.9672744059293,3000.0,55.276614964179196
test_1,8403.942978654091,2554.5807332430486,-824.4195255832269,12000.0,90.85795573171049
test_2,11167.576660355335,3385.543538647828,-857.3453508952978,0.0,122.52418320631517
test_3,17369.203524586163,3108.819107221531,-968.3182445885898,24000.0,116.10860756986054
total,39901.154628488905,10652.855912836967,-3370.050395473044,39000.0,384.76736147206543
