,rr time,fl time,perf,objective
chaohu_test_0,55.05656099319458,97.50078452295728,2947.5836513689214,12543.730991189965
chaohu_test_1,54.01418590545654,131.69824806186887,8397.32925111215,32938.89541482718
chaohu_test_2,55.29660415649414,113.61129412386153,11156.167085150682,14534.692129763751
chaohu_test_3,60.175819396972656,129.8370839887195,17286.573143818307,50398.98259102847
