,Start,End,Date,Duration,Precipitation,Gage
0,01/03/2016 06:10:00,01/03/2016 07:10:00,01/03/2016,60.0,0.7,qb
1,01/04/2016 05:40:00,01/04/2016 05:40:00,01/04/2016,0.0,0.1,qb
2,01/04/2016 14:10:00,01/04/2016 14:25:00,01/04/2016,15.0,0.2,qb
3,01/04/2016 17:10:00,01/04/2016 17:10:00,01/04/2016,0.0,0.1,qb
4,01/04/2016 23:45:00,01/05/2016 01:25:00,01/04/2016,100.0,0.2,qb
5,01/05/2016 04:10:00,01/05/2016 08:50:00,01/05/2016,280.0,8.0,qb
6,01/06/2016 04:40:00,01/06/2016 09:10:00,01/06/2016,270.0,2.2000000000000006,qb
7,01/10/2016 17:20:00,01/10/2016 17:20:00,01/10/2016,0.0,0.1,qb
8,01/10/2016 21:00:00,01/10/2016 21:55:00,01/10/2016,55.0,0.3,qb
9,01/11/2016 11:05:00,01/11/2016 12:35:00,01/11/2016,90.0,0.3,qb
10,01/11/2016 16:00:00,01/11/2016 20:25:00,01/11/2016,265.0,1.8000000000000005,qb
11,01/16/2016 23:20:00,01/17/2016 09:00:00,01/16/2016,580.0,12.2,qb
12,01/20/2016 21:55:00,01/21/2016 19:50:00,01/20/2016,1315.0,7.899999999999999,qb
13,01/22/2016 12:40:00,01/23/2016 03:05:00,01/22/2016,865.0,5.800000000000001,qb
14,01/27/2016 09:25:00,01/27/2016 23:20:00,01/27/2016,835.0,7.399999999999999,qb
15,01/28/2016 04:10:00,01/28/2016 05:50:00,01/28/2016,100.0,0.4,qb
16,01/28/2016 09:55:00,01/29/2016 11:25:00,01/28/2016,1530.0,13.2,qb
17,01/29/2016 14:05:00,01/29/2016 14:45:00,01/29/2016,40.0,0.2,qb
18,01/31/2016 17:20:00,01/31/2016 18:10:00,01/31/2016,50.0,1.1,qb
19,01/31/2016 21:20:00,02/01/2016 05:55:00,01/31/2016,515.0,1.4000000000000004,qb
20,02/01/2016 09:35:00,02/01/2016 16:20:00,02/01/2016,405.0,3.0000000000000004,qb
21,02/02/2016 09:45:00,02/02/2016 10:20:00,02/02/2016,35.0,0.4,qb
22,02/11/2016 11:10:00,02/11/2016 13:00:00,02/11/2016,110.0,0.5,qb
23,02/13/2016 08:25:00,02/13/2016 10:25:00,02/13/2016,120.0,0.7,qb
24,02/13/2016 12:50:00,02/13/2016 12:50:00,02/13/2016,0.0,0.1,qb
25,02/14/2016 02:30:00,02/14/2016 02:40:00,02/14/2016,10.0,0.2,qb
26,02/14/2016 05:05:00,02/14/2016 05:15:00,02/14/2016,10.0,0.2,qb
27,02/14/2016 08:15:00,02/14/2016 10:30:00,02/14/2016,135.0,1.2000000000000002,qb
28,02/21/2016 21:00:00,02/21/2016 21:00:00,02/21/2016,0.0,0.1,qb
29,02/22/2016 03:40:00,02/22/2016 16:35:00,02/22/2016,775.0,16.40000000000001,qb
30,03/08/2016 17:50:00,03/09/2016 04:25:00,03/08/2016,635.0,12.4,qb
31,03/12/2016 22:55:00,03/12/2016 23:35:00,03/12/2016,40.0,0.4,qb
32,03/17/2016 21:30:00,03/17/2016 22:45:00,03/17/2016,75.0,1.7000000000000002,qb
33,03/19/2016 03:35:00,03/19/2016 03:55:00,03/19/2016,20.0,0.6,qb
34,03/30/2016 21:00:00,03/30/2016 22:10:00,03/30/2016,70.0,0.3,qb
35,03/31/2016 00:15:00,03/31/2016 10:05:00,03/31/2016,590.0,3.7,qb
36,04/02/2016 13:40:00,04/02/2016 19:30:00,04/02/2016,350.0,7.299999999999999,qb
37,04/02/2016 23:40:00,04/03/2016 01:20:00,04/02/2016,100.0,0.3,qb
38,04/03/2016 05:15:00,04/03/2016 11:00:00,04/03/2016,345.0,1.5000000000000004,qb
39,04/03/2016 13:15:00,04/03/2016 18:00:00,04/03/2016,285.0,2.9000000000000004,qb
40,04/03/2016 20:25:00,04/04/2016 02:00:00,04/03/2016,335.0,0.5,qb
41,04/06/2016 03:55:00,04/06/2016 10:05:00,04/06/2016,370.0,29.0,qb
42,04/06/2016 16:00:00,04/06/2016 16:25:00,04/06/2016,25.0,5.5,qb
43,04/06/2016 19:00:00,04/07/2016 08:10:00,04/06/2016,790.0,21.300000000000004,qb
44,04/12/2016 01:15:00,04/12/2016 09:40:00,04/12/2016,505.0,6.099999999999999,qb
45,04/16/2016 09:40:00,04/16/2016 12:15:00,04/16/2016,155.0,24.1,qb
46,04/16/2016 17:05:00,04/16/2016 18:25:00,04/16/2016,80.0,1.6,qb
47,04/18/2016 00:55:00,04/18/2016 01:45:00,04/18/2016,50.0,0.5,qb
48,04/20/2016 14:00:00,04/21/2016 07:45:00,04/20/2016,1065.0,27.6,qb
49,04/23/2016 00:05:00,04/23/2016 18:20:00,04/23/2016,1095.0,27.1,qb
50,04/24/2016 01:10:00,04/24/2016 01:20:00,04/24/2016,10.0,0.2,qb
51,04/24/2016 03:30:00,04/24/2016 04:25:00,04/24/2016,55.0,0.4,qb
52,04/24/2016 16:20:00,04/24/2016 16:20:00,04/24/2016,0.0,0.1,qb
53,04/24/2016 19:00:00,04/24/2016 23:15:00,04/24/2016,255.0,0.8,qb
54,04/25/2016 03:45:00,04/25/2016 06:45:00,04/25/2016,180.0,0.7,qb
55,04/25/2016 10:05:00,04/25/2016 10:20:00,04/25/2016,15.0,0.3,qb
56,04/26/2016 07:00:00,04/26/2016 09:30:00,04/26/2016,150.0,4.999999999999998,qb
57,04/26/2016 19:15:00,04/26/2016 19:15:00,04/26/2016,0.0,0.1,qb
58,04/26/2016 22:15:00,04/27/2016 03:00:00,04/26/2016,285.0,0.7,qb
59,05/02/2016 10:40:00,05/02/2016 11:10:00,05/02/2016,30.0,0.9,qb
60,05/02/2016 14:45:00,05/02/2016 16:30:00,05/02/2016,105.0,0.5,qb
61,05/02/2016 19:55:00,05/03/2016 01:10:00,05/02/2016,315.0,22.9,qb
62,05/05/2016 12:35:00,05/05/2016 17:10:00,05/05/2016,275.0,1.8000000000000005,qb
63,05/05/2016 20:05:00,05/05/2016 22:35:00,05/05/2016,150.0,4.7,qb
64,05/07/2016 15:35:00,05/07/2016 18:55:00,05/07/2016,200.0,5.3,qb
65,05/08/2016 10:00:00,05/08/2016 10:25:00,05/08/2016,25.0,0.4,qb
66,05/08/2016 13:30:00,05/08/2016 13:40:00,05/08/2016,10.0,0.2,qb
67,05/09/2016 15:15:00,05/10/2016 07:05:00,05/09/2016,950.0,20.50000000000001,qb
68,05/15/2016 14:20:00,05/15/2016 23:30:00,05/15/2016,550.0,13.6,qb
69,05/24/2016 05:55:00,05/24/2016 07:25:00,05/24/2016,90.0,0.8,qb
70,05/25/2016 23:15:00,05/25/2016 23:15:00,05/25/2016,0.0,0.1,qb
71,05/26/2016 06:15:00,05/26/2016 06:15:00,05/26/2016,0.0,0.1,qb
72,05/26/2016 09:50:00,05/26/2016 09:50:00,05/26/2016,0.0,0.1,qb
73,05/26/2016 18:05:00,05/26/2016 18:25:00,05/26/2016,20.0,0.2,qb
74,05/26/2016 20:35:00,05/26/2016 22:00:00,05/26/2016,85.0,0.7,qb
75,05/27/2016 01:55:00,05/27/2016 02:40:00,05/27/2016,45.0,1.5000000000000002,qb
76,05/27/2016 04:45:00,05/27/2016 12:50:00,05/27/2016,485.0,9.3,qb
77,05/28/2016 03:25:00,05/29/2016 12:05:00,05/28/2016,1960.0,27.500000000000004,qb
78,05/31/2016 19:45:00,05/31/2016 20:10:00,05/31/2016,25.0,0.9,qb
79,05/31/2016 23:35:00,06/01/2016 00:35:00,05/31/2016,60.0,17.400000000000002,qb
80,06/01/2016 04:30:00,06/01/2016 07:30:00,06/01/2016,180.0,14.6,qb
81,06/03/2016 07:05:00,06/04/2016 00:00:00,06/03/2016,1015.0,30.4,qb
82,06/08/2016 17:30:00,06/08/2016 18:00:00,06/08/2016,30.0,1.3000000000000005,qb
83,06/09/2016 05:40:00,06/09/2016 05:40:00,06/09/2016,0.0,0.1,qb
84,06/11/2016 16:05:00,06/11/2016 16:05:00,06/11/2016,0.0,0.1,qb
85,06/12/2016 02:15:00,06/12/2016 21:55:00,06/12/2016,1180.0,71.60000000000001,qb
86,06/13/2016 02:45:00,06/13/2016 02:45:00,06/13/2016,0.0,0.1,qb
87,06/15/2016 18:05:00,06/15/2016 18:55:00,06/15/2016,50.0,0.3,qb
88,06/15/2016 21:30:00,06/16/2016 00:50:00,06/15/2016,200.0,5.299999999999999,qb
89,06/16/2016 16:25:00,06/16/2016 16:40:00,06/16/2016,15.0,1.2000000000000002,qb
90,06/19/2016 19:20:00,06/19/2016 19:20:00,06/19/2016,0.0,0.1,qb
91,06/19/2016 21:25:00,06/19/2016 22:20:00,06/19/2016,55.0,0.3,qb
92,06/20/2016 01:15:00,06/20/2016 19:40:00,06/20/2016,1105.0,63.29999999999999,qb
93,06/22/2016 01:00:00,06/22/2016 03:10:00,06/22/2016,130.0,1.8000000000000005,qb
94,06/22/2016 09:30:00,06/22/2016 15:00:00,06/22/2016,330.0,20.4,qb
95,06/25/2016 01:10:00,06/25/2016 02:00:00,06/25/2016,50.0,1.1,qb
96,06/25/2016 05:15:00,06/25/2016 14:00:00,06/25/2016,525.0,12.1,qb
97,06/25/2016 22:20:00,06/25/2016 22:20:00,06/25/2016,0.0,0.1,qb
98,06/27/2016 00:05:00,06/27/2016 06:40:00,06/27/2016,395.0,8.999999999999998,qb
99,06/27/2016 11:25:00,06/27/2016 17:25:00,06/27/2016,360.0,3.500000000000001,qb
100,06/28/2016 03:55:00,06/28/2016 09:45:00,06/28/2016,350.0,12.5,qb
101,06/28/2016 14:55:00,06/28/2016 17:00:00,06/28/2016,125.0,17.8,qb
102,06/28/2016 23:45:00,06/29/2016 10:30:00,06/28/2016,645.0,15.0,qb
103,07/01/2016 02:25:00,07/01/2016 05:20:00,07/01/2016,175.0,2.7,qb
104,07/02/2016 03:20:00,07/02/2016 07:50:00,07/02/2016,270.0,9.599999999999998,qb
105,07/02/2016 16:15:00,07/02/2016 23:30:00,07/02/2016,435.0,21.90000000000001,qb
106,07/03/2016 04:40:00,07/03/2016 05:25:00,07/03/2016,45.0,0.4,qb
107,07/03/2016 15:35:00,07/03/2016 17:35:00,07/03/2016,120.0,0.4,qb
108,07/04/2016 03:40:00,07/04/2016 04:20:00,07/04/2016,40.0,0.2,qb
109,07/05/2016 15:00:00,07/05/2016 17:50:00,07/05/2016,170.0,13.9,qb
110,07/10/2016 02:55:00,07/10/2016 03:20:00,07/10/2016,25.0,0.2,qb
111,07/10/2016 14:35:00,07/11/2016 11:40:00,07/10/2016,1265.0,12.000000000000004,qb
112,07/11/2016 15:00:00,07/11/2016 17:20:00,07/11/2016,140.0,0.4,qb
113,07/13/2016 18:50:00,07/13/2016 20:10:00,07/13/2016,80.0,2.2,qb
114,07/14/2016 01:45:00,07/14/2016 01:45:00,07/14/2016,0.0,0.1,qb
115,07/14/2016 10:25:00,07/14/2016 15:05:00,07/14/2016,280.0,8.4,qb
116,07/15/2016 14:50:00,07/15/2016 14:50:00,07/15/2016,0.0,0.1,qb
117,07/15/2016 20:05:00,07/15/2016 20:10:00,07/15/2016,5.0,0.5,qb
118,07/16/2016 04:00:00,07/16/2016 07:35:00,07/16/2016,215.0,10.8,qb
119,07/19/2016 07:40:00,07/19/2016 08:50:00,07/19/2016,70.0,9.4,qb
120,07/29/2016 13:40:00,07/29/2016 14:50:00,07/29/2016,70.0,12.9,qb
121,08/02/2016 18:30:00,08/02/2016 18:50:00,08/02/2016,20.0,1.9,qb
122,08/02/2016 22:25:00,08/03/2016 04:30:00,08/02/2016,365.0,6.999999999999998,qb
123,08/03/2016 15:15:00,08/03/2016 15:35:00,08/03/2016,20.0,0.5,qb
124,08/03/2016 18:00:00,08/03/2016 18:15:00,08/03/2016,15.0,0.2,qb
125,08/03/2016 22:00:00,08/03/2016 22:40:00,08/03/2016,40.0,0.2,qb
126,08/04/2016 12:10:00,08/04/2016 14:45:00,08/04/2016,155.0,93.0,qb
127,08/09/2016 15:35:00,08/09/2016 16:35:00,08/09/2016,60.0,4.7,qb
128,08/09/2016 18:55:00,08/09/2016 19:15:00,08/09/2016,20.0,0.9,qb
129,08/10/2016 00:35:00,08/10/2016 00:40:00,08/10/2016,5.0,0.5,qb
130,08/10/2016 02:55:00,08/10/2016 03:15:00,08/10/2016,20.0,0.2,qb
131,08/19/2016 15:20:00,08/19/2016 15:25:00,08/19/2016,5.0,0.2,qb
132,08/26/2016 01:05:00,08/26/2016 04:25:00,08/26/2016,200.0,21.700000000000003,qb
133,09/02/2016 18:10:00,09/02/2016 18:35:00,09/02/2016,25.0,0.4,qb
134,09/07/2016 02:35:00,09/07/2016 10:50:00,09/07/2016,495.0,35.5,qb
135,09/07/2016 14:10:00,09/07/2016 16:05:00,09/07/2016,115.0,0.9,qb
136,09/11/2016 10:55:00,09/11/2016 21:30:00,09/11/2016,635.0,4.6999999999999975,qb
137,09/13/2016 19:15:00,09/13/2016 19:20:00,09/13/2016,5.0,0.3,qb
138,09/14/2016 02:15:00,09/14/2016 12:40:00,09/14/2016,625.0,28.3,qb
139,09/14/2016 14:50:00,09/14/2016 14:50:00,09/14/2016,0.0,0.1,qb
140,09/14/2016 18:50:00,09/14/2016 19:20:00,09/14/2016,30.0,0.2,qb
141,09/14/2016 22:50:00,09/16/2016 08:40:00,09/14/2016,2030.0,99.7,qb
142,09/16/2016 12:25:00,09/16/2016 12:35:00,09/16/2016,10.0,0.2,qb
143,09/16/2016 15:35:00,09/16/2016 15:35:00,09/16/2016,0.0,0.1,qb
144,09/16/2016 18:20:00,09/16/2016 20:05:00,09/16/2016,105.0,2.0,qb
145,09/17/2016 00:00:00,09/17/2016 00:00:00,09/17/2016,0.0,0.1,qb
146,09/18/2016 05:30:00,09/18/2016 05:30:00,09/18/2016,0.0,0.1,qb
147,09/21/2016 18:00:00,09/21/2016 19:30:00,09/21/2016,90.0,0.5,qb
148,09/28/2016 01:20:00,09/28/2016 02:05:00,09/28/2016,45.0,0.7,qb
149,09/28/2016 04:40:00,09/28/2016 04:40:00,09/28/2016,0.0,0.1,qb
150,09/28/2016 09:00:00,09/28/2016 09:15:00,09/28/2016,15.0,0.9,qb
151,09/28/2016 21:10:00,09/28/2016 21:10:00,09/28/2016,0.0,0.1,qb
152,09/29/2016 04:00:00,09/29/2016 04:10:00,09/29/2016,10.0,0.2,qb
153,09/29/2016 08:05:00,09/30/2016 01:35:00,09/29/2016,1050.0,7.299999999999999,qb
154,09/30/2016 06:20:00,09/30/2016 06:45:00,09/30/2016,25.0,0.3,qb
155,10/02/2016 21:45:00,10/02/2016 23:40:00,10/02/2016,115.0,8.399999999999999,qb
156,10/03/2016 03:25:00,10/03/2016 05:40:00,10/03/2016,135.0,10.7,qb
157,10/04/2016 16:30:00,10/04/2016 19:25:00,10/04/2016,175.0,0.6,qb
158,10/06/2016 16:35:00,10/06/2016 19:00:00,10/06/2016,145.0,0.8999999999999999,qb
159,10/06/2016 23:35:00,10/07/2016 00:00:00,10/06/2016,25.0,1.3,qb
160,10/07/2016 05:00:00,10/07/2016 05:00:00,10/07/2016,0.0,0.1,qb
161,10/07/2016 13:00:00,10/07/2016 13:00:00,10/07/2016,0.0,0.1,qb
162,10/07/2016 22:20:00,10/08/2016 08:45:00,10/07/2016,625.0,24.500000000000007,qb
163,10/12/2016 05:15:00,10/12/2016 06:05:00,10/12/2016,50.0,0.4,qb
164,10/14/2016 03:00:00,10/14/2016 04:40:00,10/14/2016,100.0,0.3,qb
165,10/14/2016 08:20:00,10/14/2016 08:20:00,10/14/2016,0.0,0.1,qb
166,10/19/2016 11:55:00,10/19/2016 12:35:00,10/19/2016,40.0,0.2,qb
167,10/19/2016 17:35:00,10/19/2016 18:35:00,10/19/2016,60.0,0.2,qb
168,10/19/2016 23:10:00,10/20/2016 14:10:00,10/19/2016,900.0,6.399999999999999,qb
169,10/20/2016 16:25:00,10/20/2016 16:25:00,10/20/2016,0.0,0.1,qb
170,10/21/2016 00:35:00,10/21/2016 20:55:00,10/21/2016,1220.0,36.4,qb
171,10/22/2016 01:00:00,10/22/2016 01:00:00,10/22/2016,0.0,0.1,qb
172,10/22/2016 03:05:00,10/22/2016 11:50:00,10/22/2016,525.0,47.2,qb
173,10/22/2016 15:20:00,10/22/2016 23:15:00,10/22/2016,475.0,41.5,qb
174,10/23/2016 01:45:00,10/23/2016 02:10:00,10/23/2016,25.0,0.4,qb
175,10/23/2016 04:35:00,10/23/2016 06:20:00,10/23/2016,105.0,0.4,qb
176,10/26/2016 00:20:00,10/26/2016 10:10:00,10/26/2016,590.0,26.5,qb
177,10/26/2016 15:25:00,10/27/2016 05:25:00,10/26/2016,840.0,23.000000000000004,qb
178,10/27/2016 11:35:00,10/27/2016 13:50:00,10/27/2016,135.0,0.4,qb
179,10/28/2016 15:40:00,10/28/2016 16:55:00,10/28/2016,75.0,0.2,qb
180,10/31/2016 03:15:00,10/31/2016 11:05:00,10/31/2016,470.0,4.799999999999999,qb
181,11/01/2016 00:45:00,11/01/2016 01:35:00,11/01/2016,50.0,0.6,qb
182,11/07/2016 17:35:00,11/08/2016 08:40:00,11/07/2016,905.0,10.1,qb
183,11/13/2016 06:40:00,11/13/2016 07:15:00,11/13/2016,35.0,0.3,qb
184,11/13/2016 23:35:00,11/14/2016 00:40:00,11/13/2016,65.0,0.6,qb
185,11/16/2016 17:55:00,11/16/2016 17:55:00,11/16/2016,0.0,0.1,qb
186,11/17/2016 02:00:00,11/17/2016 08:10:00,11/17/2016,370.0,3.6000000000000005,qb
187,11/17/2016 10:20:00,11/17/2016 12:45:00,11/17/2016,145.0,0.5,qb
188,11/17/2016 18:45:00,11/17/2016 18:45:00,11/17/2016,0.0,0.1,qb
189,11/20/2016 00:50:00,11/20/2016 04:00:00,11/20/2016,190.0,7.7,qb
190,11/21/2016 07:00:00,11/21/2016 07:40:00,11/21/2016,40.0,1.1,qb
191,11/21/2016 13:15:00,11/21/2016 16:25:00,11/21/2016,190.0,3.0000000000000004,qb
192,11/21/2016 19:25:00,11/21/2016 19:25:00,11/21/2016,0.0,0.1,qb
193,11/22/2016 06:35:00,11/22/2016 06:35:00,11/22/2016,0.0,0.1,qb
194,11/22/2016 15:25:00,11/22/2016 16:25:00,11/22/2016,60.0,0.4,qb
195,11/23/2016 07:25:00,11/23/2016 21:20:00,11/23/2016,835.0,5.499999999999998,qb
196,11/24/2016 01:40:00,11/24/2016 01:40:00,11/24/2016,0.0,0.1,qb
197,11/26/2016 00:00:00,11/26/2016 01:20:00,11/26/2016,80.0,0.3,qb
198,11/26/2016 03:25:00,11/26/2016 13:30:00,11/26/2016,605.0,15.1,qb
199,12/04/2016 03:10:00,12/04/2016 07:20:00,12/04/2016,250.0,0.7,qb
200,12/13/2016 07:40:00,12/13/2016 18:35:00,12/13/2016,655.0,4.599999999999998,qb
201,12/13/2016 22:50:00,12/14/2016 00:00:00,12/13/2016,70.0,0.2,qb
202,12/20/2016 05:00:00,12/20/2016 08:15:00,12/20/2016,195.0,2.7000000000000006,qb
203,12/20/2016 21:05:00,12/21/2016 01:15:00,12/20/2016,250.0,1.2000000000000002,qb
204,12/21/2016 12:00:00,12/21/2016 13:15:00,12/21/2016,75.0,1.7000000000000006,qb
205,12/21/2016 20:05:00,12/21/2016 23:15:00,12/21/2016,190.0,2.3000000000000003,qb
206,12/22/2016 02:20:00,12/22/2016 02:20:00,12/22/2016,0.0,0.1,qb
207,12/25/2016 09:15:00,12/26/2016 09:35:00,12/25/2016,1460.0,32.400000000000006,qb
208,12/26/2016 12:05:00,12/26/2016 21:00:00,12/26/2016,535.0,4.599999999999998,qb
209,01/04/2017 22:00:00,01/06/2017 06:30:00,01/04/2017,1950.0,23.8,qb
210,01/06/2017 11:55:00,01/06/2017 12:00:00,01/06/2017,5.0,0.2,qb
211,01/06/2017 15:40:00,01/07/2017 19:40:00,01/06/2017,1680.0,36.000000000000014,qb
212,01/12/2017 06:00:00,01/12/2017 06:55:00,01/12/2017,55.0,0.4,qb
213,01/18/2017 01:45:00,01/18/2017 06:30:00,01/18/2017,285.0,1.6000000000000003,qb
214,01/18/2017 10:55:00,01/18/2017 11:40:00,01/18/2017,45.0,0.2,qb
215,01/18/2017 17:05:00,01/18/2017 17:05:00,01/18/2017,0.0,0.1,qb
216,01/18/2017 19:55:00,01/18/2017 20:30:00,01/18/2017,35.0,0.3,qb
217,01/29/2017 22:45:00,01/29/2017 23:45:00,01/29/2017,60.0,0.3,qb
218,02/03/2017 09:30:00,02/03/2017 10:20:00,02/03/2017,50.0,0.7999999999999999,qb
219,02/03/2017 20:20:00,02/04/2017 03:15:00,02/03/2017,415.0,2.6000000000000005,qb
220,02/08/2017 01:35:00,02/08/2017 03:00:00,02/08/2017,85.0,0.2,qb
221,02/08/2017 06:00:00,02/08/2017 18:10:00,02/08/2017,730.0,4.399999999999999,qb
222,02/09/2017 00:15:00,02/09/2017 00:15:00,02/09/2017,0.0,0.1,qb
223,02/17/2017 21:45:00,02/17/2017 23:30:00,02/17/2017,105.0,0.7,qb
224,02/22/2017 01:50:00,02/22/2017 04:00:00,02/22/2017,130.0,5.4,qb
225,02/22/2017 11:30:00,02/22/2017 18:00:00,02/22/2017,390.0,2.1000000000000005,qb
226,03/01/2017 17:55:00,03/01/2017 17:55:00,03/01/2017,0.0,0.1,qb
227,03/04/2017 23:20:00,03/05/2017 07:45:00,03/04/2017,505.0,4.599999999999999,qb
228,03/12/2017 13:30:00,03/13/2017 02:50:00,03/12/2017,800.0,13.300000000000002,qb
229,03/13/2017 05:35:00,03/13/2017 15:10:00,03/13/2017,575.0,11.200000000000005,qb
230,03/13/2017 17:25:00,03/13/2017 19:20:00,03/13/2017,115.0,1.3000000000000005,qb
231,03/19/2017 11:40:00,03/19/2017 16:00:00,03/19/2017,260.0,5.6,qb
232,03/19/2017 23:50:00,03/20/2017 06:05:00,03/19/2017,375.0,15.0,qb
233,03/20/2017 10:10:00,03/20/2017 11:10:00,03/20/2017,60.0,0.4,qb
234,03/20/2017 18:05:00,03/21/2017 00:40:00,03/20/2017,395.0,1.7000000000000006,qb
235,03/22/2017 06:05:00,03/22/2017 18:20:00,03/22/2017,735.0,6.499999999999998,qb
236,03/22/2017 20:55:00,03/23/2017 01:35:00,03/22/2017,280.0,1.8000000000000005,qb
237,03/23/2017 06:50:00,03/23/2017 08:50:00,03/23/2017,120.0,0.2,qb
238,03/24/2017 16:35:00,03/24/2017 22:25:00,03/24/2017,350.0,4.199999999999999,qb
239,03/30/2017 11:15:00,03/31/2017 04:25:00,03/30/2017,1030.0,16.6,qb
240,04/05/2017 04:45:00,04/05/2017 04:45:00,04/05/2017,0.0,0.1,qb
241,04/05/2017 22:15:00,04/05/2017 22:55:00,04/05/2017,40.0,0.4,qb
242,04/06/2017 14:40:00,04/06/2017 18:00:00,04/06/2017,200.0,0.6,qb
243,04/07/2017 02:25:00,04/07/2017 10:40:00,04/07/2017,495.0,18.30000000000001,qb
244,04/07/2017 16:15:00,04/07/2017 17:15:00,04/07/2017,60.0,0.2,qb
245,04/09/2017 02:55:00,04/09/2017 09:00:00,04/09/2017,365.0,9.7,qb
246,04/09/2017 12:00:00,04/09/2017 14:00:00,04/09/2017,120.0,1.1,qb
247,04/09/2017 23:35:00,04/10/2017 11:15:00,04/09/2017,700.0,15.400000000000002,qb
248,04/10/2017 16:30:00,04/11/2017 01:10:00,04/10/2017,520.0,12.2,qb
249,04/17/2017 04:15:00,04/17/2017 05:25:00,04/17/2017,70.0,0.8,qb
250,04/17/2017 07:55:00,04/17/2017 09:05:00,04/17/2017,70.0,17.3,qb
251,04/19/2017 23:20:00,04/20/2017 04:15:00,04/19/2017,295.0,2.7,qb
252,04/25/2017 19:00:00,04/26/2017 02:05:00,04/25/2017,425.0,12.9,qb
253,04/26/2017 05:30:00,04/26/2017 06:40:00,04/26/2017,70.0,1.4000000000000004,qb
254,05/02/2017 05:40:00,05/02/2017 09:50:00,05/02/2017,250.0,1.3,qb
255,05/04/2017 07:55:00,05/04/2017 09:50:00,05/04/2017,115.0,2.6,qb
256,05/04/2017 13:20:00,05/04/2017 13:20:00,05/04/2017,0.0,0.1,qb
257,05/08/2017 08:45:00,05/08/2017 12:20:00,05/08/2017,215.0,3.2,qb
258,05/08/2017 18:00:00,05/08/2017 18:00:00,05/08/2017,0.0,0.1,qb
259,05/09/2017 00:15:00,05/09/2017 00:15:00,05/09/2017,0.0,0.1,qb
260,05/11/2017 20:50:00,05/11/2017 21:00:00,05/11/2017,10.0,0.2,qb
261,05/12/2017 00:40:00,05/12/2017 00:50:00,05/12/2017,10.0,0.2,qb
262,05/12/2017 03:40:00,05/12/2017 14:25:00,05/12/2017,645.0,21.9,qb
263,05/23/2017 11:25:00,05/23/2017 22:35:00,05/23/2017,670.0,21.500000000000007,qb
264,05/24/2017 01:20:00,05/24/2017 04:25:00,05/24/2017,185.0,0.5,qb
265,06/01/2017 14:50:00,06/01/2017 15:05:00,06/01/2017,15.0,0.3,qb
266,06/05/2017 09:15:00,06/06/2017 00:05:00,06/05/2017,890.0,34.70000000000001,qb
267,06/06/2017 03:00:00,06/06/2017 04:25:00,06/06/2017,85.0,0.2,qb
268,06/10/2017 03:05:00,06/10/2017 11:50:00,06/10/2017,525.0,38.9,qb
269,06/10/2017 16:40:00,06/10/2017 22:45:00,06/10/2017,365.0,20.700000000000003,qb
270,06/11/2017 00:50:00,06/11/2017 00:50:00,06/11/2017,0.0,0.1,qb
271,06/11/2017 23:55:00,06/12/2017 00:30:00,06/11/2017,35.0,0.2,qb
272,06/12/2017 03:50:00,06/12/2017 10:25:00,06/12/2017,395.0,14.5,qb
273,06/13/2017 04:30:00,06/13/2017 06:50:00,06/13/2017,140.0,1.7000000000000006,qb
274,06/13/2017 09:00:00,06/13/2017 18:10:00,06/13/2017,550.0,13.0,qb
275,06/19/2017 10:25:00,06/20/2017 05:20:00,06/19/2017,1135.0,28.8,qb
276,06/20/2017 18:05:00,06/20/2017 18:35:00,06/20/2017,30.0,0.3,qb
277,06/21/2017 11:55:00,06/21/2017 12:55:00,06/21/2017,60.0,1.2000000000000002,qb
278,06/22/2017 01:30:00,06/22/2017 03:45:00,06/22/2017,135.0,3.2000000000000006,qb
279,06/22/2017 12:25:00,06/22/2017 12:25:00,06/22/2017,0.0,0.1,qb
280,06/23/2017 14:00:00,06/24/2017 00:40:00,06/23/2017,640.0,4.6000000000000005,qb
281,06/24/2017 08:05:00,06/24/2017 11:15:00,06/24/2017,190.0,2.4000000000000004,qb
282,06/24/2017 13:30:00,06/24/2017 14:35:00,06/24/2017,65.0,4.9,qb
283,06/25/2017 08:45:00,06/25/2017 11:50:00,06/25/2017,185.0,1.5000000000000004,qb
284,06/25/2017 17:40:00,06/25/2017 18:00:00,06/25/2017,20.0,20.700000000000003,qb
285,06/27/2017 12:35:00,06/27/2017 13:00:00,06/27/2017,25.0,10.5,qb
286,06/28/2017 23:50:00,06/28/2017 23:50:00,06/28/2017,0.0,0.1,qb
287,06/29/2017 22:40:00,06/29/2017 22:40:00,06/29/2017,0.0,0.1,qb
288,06/30/2017 18:10:00,06/30/2017 19:40:00,06/30/2017,90.0,5.699999999999999,qb
289,06/30/2017 23:10:00,06/30/2017 23:25:00,06/30/2017,15.0,5.0,qb
290,07/01/2017 20:10:00,07/01/2017 20:20:00,07/01/2017,10.0,0.6,qb
291,07/02/2017 22:15:00,07/03/2017 00:40:00,07/02/2017,145.0,2.7000000000000006,qb
292,07/05/2017 17:10:00,07/05/2017 23:25:00,07/05/2017,375.0,64.79999999999997,qb
293,07/10/2017 16:15:00,07/10/2017 19:45:00,07/10/2017,210.0,2.3000000000000003,qb
294,07/30/2017 17:45:00,07/30/2017 19:30:00,07/30/2017,105.0,2.2,qb
295,08/05/2017 12:35:00,08/05/2017 14:30:00,08/05/2017,115.0,26.1,qb
296,08/07/2017 22:05:00,08/08/2017 01:05:00,08/07/2017,180.0,22.500000000000004,qb
297,08/08/2017 13:50:00,08/08/2017 14:10:00,08/08/2017,20.0,5.4,qb
298,08/08/2017 19:40:00,08/08/2017 22:10:00,08/08/2017,150.0,7.899999999999999,qb
299,08/09/2017 08:45:00,08/09/2017 10:45:00,08/09/2017,120.0,20.6,qb
300,08/12/2017 12:00:00,08/12/2017 12:20:00,08/12/2017,20.0,0.2,qb
301,08/12/2017 18:30:00,08/12/2017 18:30:00,08/12/2017,0.0,0.1,qb
302,08/13/2017 22:00:00,08/14/2017 01:30:00,08/13/2017,210.0,34.50000000000001,qb
303,08/15/2017 03:30:00,08/15/2017 05:45:00,08/15/2017,135.0,2.1,qb
304,08/15/2017 07:50:00,08/15/2017 07:50:00,08/15/2017,0.0,0.1,qb
305,08/15/2017 11:45:00,08/15/2017 11:45:00,08/15/2017,0.0,0.1,qb
306,08/17/2017 21:35:00,08/18/2017 02:15:00,08/17/2017,280.0,6.8,qb
307,08/19/2017 23:40:00,08/19/2017 23:45:00,08/19/2017,5.0,3.6,qb
308,08/20/2017 03:10:00,08/20/2017 04:20:00,08/20/2017,70.0,24.600000000000005,qb
309,08/20/2017 13:35:00,08/20/2017 14:40:00,08/20/2017,65.0,0.6,qb
310,08/21/2017 13:10:00,08/21/2017 14:00:00,08/21/2017,50.0,42.8,qb
311,08/25/2017 06:25:00,08/25/2017 06:25:00,08/25/2017,0.0,0.1,qb
312,09/06/2017 22:30:00,09/06/2017 22:55:00,09/06/2017,25.0,0.6,qb
313,09/07/2017 11:15:00,09/07/2017 16:10:00,09/07/2017,295.0,3.3000000000000007,qb
314,09/07/2017 20:30:00,09/07/2017 20:30:00,09/07/2017,0.0,0.1,qb
315,09/09/2017 10:00:00,09/09/2017 11:30:00,09/09/2017,90.0,4.2,qb
316,09/11/2017 01:15:00,09/11/2017 02:30:00,09/11/2017,75.0,4.699999999999999,qb
317,09/11/2017 12:10:00,09/11/2017 19:45:00,09/11/2017,455.0,13.4,qb
318,09/14/2017 21:20:00,09/14/2017 22:10:00,09/14/2017,50.0,0.4,qb
319,09/15/2017 06:35:00,09/15/2017 06:35:00,09/15/2017,0.0,0.1,qb
320,09/15/2017 16:50:00,09/15/2017 19:05:00,09/15/2017,135.0,1.8000000000000005,qb
321,09/15/2017 22:50:00,09/15/2017 22:50:00,09/15/2017,0.0,0.1,qb
322,09/16/2017 03:10:00,09/16/2017 03:10:00,09/16/2017,0.0,0.1,qb
323,09/19/2017 23:30:00,09/20/2017 00:50:00,09/19/2017,80.0,1.0,qb
324,09/20/2017 03:00:00,09/20/2017 09:25:00,09/20/2017,385.0,2.3000000000000003,qb
325,09/20/2017 11:50:00,09/21/2017 00:50:00,09/20/2017,780.0,22.90000000000001,qb
326,09/21/2017 04:20:00,09/21/2017 04:30:00,09/21/2017,10.0,0.2,qb
327,09/21/2017 11:10:00,09/21/2017 14:50:00,09/21/2017,220.0,0.5,qb
328,09/21/2017 18:15:00,09/21/2017 18:15:00,09/21/2017,0.0,0.1,qb
329,09/22/2017 12:00:00,09/22/2017 12:00:00,09/22/2017,0.0,0.1,qb
330,09/23/2017 03:55:00,09/23/2017 03:55:00,09/23/2017,0.0,0.1,qb
331,09/23/2017 07:05:00,09/23/2017 07:05:00,09/23/2017,0.0,0.1,qb
332,09/23/2017 10:00:00,09/23/2017 12:25:00,09/23/2017,145.0,1.5000000000000002,qb
333,09/23/2017 23:35:00,09/24/2017 23:45:00,09/23/2017,1450.0,34.800000000000004,qb
334,09/25/2017 02:10:00,09/25/2017 02:55:00,09/25/2017,45.0,26.1,qb
335,09/25/2017 08:35:00,09/25/2017 19:55:00,09/25/2017,680.0,86.89999999999999,qb
336,09/25/2017 22:35:00,09/26/2017 00:25:00,09/25/2017,110.0,6.199999999999999,qb
337,09/28/2017 08:10:00,09/28/2017 09:05:00,09/28/2017,55.0,0.9,qb
338,09/30/2017 00:20:00,09/30/2017 00:50:00,09/30/2017,30.0,0.3,qb
339,09/30/2017 03:20:00,09/30/2017 03:20:00,09/30/2017,0.0,0.1,qb
340,09/30/2017 06:10:00,09/30/2017 09:30:00,09/30/2017,200.0,1.3000000000000005,qb
341,09/30/2017 13:10:00,09/30/2017 20:50:00,09/30/2017,460.0,26.700000000000003,qb
342,10/01/2017 19:00:00,10/01/2017 19:55:00,10/01/2017,55.0,1.7999999999999998,qb
343,10/02/2017 01:40:00,10/02/2017 01:40:00,10/02/2017,0.0,0.1,qb
344,10/02/2017 14:50:00,10/02/2017 17:00:00,10/02/2017,130.0,3.6,qb
345,10/05/2017 09:55:00,10/05/2017 10:15:00,10/05/2017,20.0,0.3,qb
346,10/05/2017 12:35:00,10/05/2017 12:45:00,10/05/2017,10.0,0.3,qb
347,10/11/2017 00:35:00,10/11/2017 06:00:00,10/11/2017,325.0,20.60000000000001,qb
348,10/11/2017 08:45:00,10/11/2017 15:55:00,10/11/2017,430.0,6.9,qb
349,10/12/2017 21:25:00,10/12/2017 21:30:00,10/12/2017,5.0,0.2,qb
350,10/14/2017 23:50:00,10/15/2017 00:00:00,10/14/2017,10.0,0.2,qb
351,10/15/2017 02:20:00,10/15/2017 07:15:00,10/15/2017,295.0,2.1,qb
352,10/15/2017 12:50:00,10/17/2017 00:15:00,10/15/2017,2125.0,32.00000000000001,qb
353,10/18/2017 19:20:00,10/18/2017 20:20:00,10/18/2017,60.0,0.5,qb
354,11/07/2017 11:50:00,11/07/2017 11:50:00,11/07/2017,0.0,0.1,qb
355,11/13/2017 17:20:00,11/13/2017 22:50:00,11/13/2017,330.0,9.099999999999998,qb
356,11/14/2017 05:35:00,11/14/2017 06:05:00,11/14/2017,30.0,0.8999999999999999,qb
357,11/16/2017 03:55:00,11/16/2017 19:50:00,11/16/2017,955.0,8.5,qb
358,11/16/2017 22:00:00,11/17/2017 06:25:00,11/16/2017,505.0,12.4,qb
359,11/17/2017 14:05:00,11/18/2017 05:30:00,11/17/2017,925.0,21.700000000000006,qb
360,11/20/2017 05:45:00,11/20/2017 06:30:00,11/20/2017,45.0,0.2,qb
361,11/21/2017 12:35:00,11/21/2017 14:15:00,11/21/2017,100.0,0.4,qb
362,11/21/2017 19:50:00,11/22/2017 09:25:00,11/21/2017,815.0,17.70000000000001,qb
363,11/28/2017 14:10:00,11/28/2017 15:00:00,11/28/2017,50.0,0.3,qb
364,11/28/2017 17:10:00,11/28/2017 18:10:00,11/28/2017,60.0,0.3,qb
365,11/29/2017 00:10:00,11/29/2017 00:25:00,11/29/2017,15.0,0.6,qb
366,11/29/2017 10:35:00,11/29/2017 10:50:00,11/29/2017,15.0,0.2,qb
367,11/29/2017 22:10:00,11/29/2017 22:10:00,11/29/2017,0.0,0.1,qb
368,12/14/2017 03:00:00,12/14/2017 06:40:00,12/14/2017,220.0,1.4000000000000004,qb
369,12/15/2017 09:05:00,12/16/2017 00:55:00,12/15/2017,950.0,7.799999999999999,qb
370,12/28/2017 09:00:00,12/28/2017 21:10:00,12/28/2017,730.0,10.8,qb
371,12/29/2017 01:20:00,12/29/2017 01:20:00,12/29/2017,0.0,0.1,qb
372,12/30/2017 07:35:00,12/30/2017 08:25:00,12/30/2017,50.0,0.2,qb
373,12/30/2017 15:20:00,12/30/2017 18:45:00,12/30/2017,205.0,0.6,qb
374,01/03/2018 17:50:00,01/05/2018 07:05:00,01/03/2018,2235.0,32.8,qb
375,01/06/2018 22:55:00,01/07/2018 17:40:00,01/06/2018,1125.0,10.5,qb
376,01/19/2018 12:25:00,01/19/2018 12:40:00,01/19/2018,15.0,0.2,qb
377,01/20/2018 12:40:00,01/20/2018 14:45:00,01/20/2018,125.0,0.9,qb
378,01/20/2018 17:00:00,01/20/2018 17:00:00,01/20/2018,0.0,0.1,qb
379,01/21/2018 15:30:00,01/22/2018 01:10:00,01/21/2018,580.0,14.0,qb
380,01/25/2018 07:30:00,01/25/2018 15:35:00,01/25/2018,485.0,7.699999999999997,qb
381,01/25/2018 17:50:00,01/25/2018 17:50:00,01/25/2018,0.0,0.1,qb
382,01/25/2018 21:35:00,01/26/2018 01:25:00,01/25/2018,230.0,0.3,qb
383,01/26/2018 04:20:00,01/26/2018 04:20:00,01/26/2018,0.0,0.1,qb
384,01/26/2018 09:05:00,01/26/2018 14:45:00,01/26/2018,340.0,2.0,qb
385,01/27/2018 11:30:00,01/28/2018 09:20:00,01/27/2018,1310.0,16.099999999999998,qb
386,01/28/2018 11:50:00,01/28/2018 11:50:00,01/28/2018,0.0,0.1,qb
387,01/28/2018 17:35:00,01/28/2018 17:35:00,01/28/2018,0.0,0.1,qb
388,02/09/2018 21:20:00,02/09/2018 21:20:00,02/09/2018,0.0,0.1,qb
389,02/15/2018 07:50:00,02/15/2018 08:50:00,02/15/2018,60.0,0.2,qb
390,02/15/2018 19:15:00,02/15/2018 20:30:00,02/15/2018,75.0,0.2,qb
391,02/15/2018 23:30:00,02/16/2018 09:00:00,02/15/2018,570.0,3.8000000000000007,qb
392,02/18/2018 09:45:00,02/18/2018 09:55:00,02/18/2018,10.0,0.2,qb
393,02/18/2018 19:20:00,02/19/2018 04:30:00,02/18/2018,550.0,4.199999999999999,qb
394,02/19/2018 08:45:00,02/19/2018 17:55:00,02/19/2018,550.0,6.599999999999998,qb
395,02/20/2018 14:15:00,02/21/2018 00:35:00,02/20/2018,620.0,12.4,qb
396,02/21/2018 18:00:00,02/21/2018 19:30:00,02/21/2018,90.0,0.3,qb
397,02/24/2018 16:40:00,02/24/2018 16:40:00,02/24/2018,0.0,0.1,qb
398,02/24/2018 19:45:00,02/25/2018 03:15:00,02/24/2018,450.0,17.0,qb
399,02/25/2018 05:20:00,02/25/2018 05:20:00,02/25/2018,0.0,0.1,qb
400,02/28/2018 03:15:00,02/28/2018 07:25:00,02/28/2018,250.0,4.999999999999999,qb
401,03/02/2018 03:50:00,03/02/2018 06:10:00,03/02/2018,140.0,1.8000000000000005,qb
402,03/02/2018 08:30:00,03/02/2018 08:30:00,03/02/2018,0.0,0.1,qb
403,03/03/2018 02:30:00,03/03/2018 06:20:00,03/03/2018,230.0,11.1,qb
404,03/05/2018 01:30:00,03/05/2018 08:30:00,03/05/2018,420.0,6.299999999999999,qb
405,03/07/2018 02:50:00,03/07/2018 05:40:00,03/07/2018,170.0,1.2000000000000002,qb
406,03/07/2018 12:35:00,03/07/2018 15:35:00,03/07/2018,180.0,2.4000000000000004,qb
407,03/07/2018 19:35:00,03/07/2018 19:50:00,03/07/2018,15.0,0.2,qb
408,03/08/2018 00:25:00,03/08/2018 00:25:00,03/08/2018,0.0,0.1,qb
409,03/15/2018 08:20:00,03/15/2018 11:15:00,03/15/2018,175.0,2.2,qb
410,03/15/2018 20:00:00,03/15/2018 20:50:00,03/15/2018,50.0,1.7000000000000002,qb
411,03/16/2018 05:35:00,03/16/2018 07:30:00,03/16/2018,115.0,0.5,qb
412,03/18/2018 17:20:00,03/18/2018 18:40:00,03/18/2018,80.0,1.0,qb
413,03/18/2018 22:45:00,03/19/2018 02:30:00,03/18/2018,225.0,2.2,qb
414,03/20/2018 04:50:00,03/20/2018 04:50:00,03/20/2018,0.0,0.1,qb
415,03/20/2018 09:25:00,03/20/2018 14:15:00,03/20/2018,290.0,2.0,qb
416,03/20/2018 18:05:00,03/20/2018 23:50:00,03/20/2018,345.0,5.6999999999999975,qb
417,03/21/2018 02:50:00,03/21/2018 09:30:00,03/21/2018,400.0,1.3000000000000005,qb
418,04/02/2018 10:35:00,04/02/2018 10:45:00,04/02/2018,10.0,0.2,qb
419,04/05/2018 14:35:00,04/06/2018 01:30:00,04/05/2018,655.0,14.499999999999998,qb
420,04/06/2018 03:35:00,04/06/2018 03:55:00,04/06/2018,20.0,0.4,qb
421,04/13/2018 16:05:00,04/13/2018 17:25:00,04/13/2018,80.0,11.6,qb
422,04/13/2018 21:50:00,04/14/2018 02:55:00,04/13/2018,305.0,7.299999999999999,qb
423,04/23/2018 12:40:00,04/23/2018 21:20:00,04/23/2018,520.0,72.69999999999997,qb
424,04/24/2018 03:00:00,04/24/2018 03:00:00,04/24/2018,0.0,0.1,qb
425,04/24/2018 07:00:00,04/24/2018 07:00:00,04/24/2018,0.0,0.1,qb
426,05/01/2018 23:20:00,05/02/2018 02:45:00,05/01/2018,205.0,5.999999999999999,qb
427,05/05/2018 10:50:00,05/05/2018 16:55:00,05/05/2018,365.0,2.9000000000000004,qb
428,05/05/2018 19:00:00,05/05/2018 19:15:00,05/05/2018,15.0,0.3,qb
429,05/06/2018 06:35:00,05/06/2018 07:10:00,05/06/2018,35.0,0.2,qb
430,05/06/2018 09:45:00,05/06/2018 09:45:00,05/06/2018,0.0,0.1,qb
431,05/06/2018 17:50:00,05/06/2018 17:50:00,05/06/2018,0.0,0.1,qb
432,05/07/2018 17:55:00,05/08/2018 05:40:00,05/07/2018,705.0,5.499999999999998,qb
433,05/12/2018 14:20:00,05/12/2018 14:35:00,05/12/2018,15.0,1.3000000000000005,qb
434,05/12/2018 20:15:00,05/12/2018 22:25:00,05/12/2018,130.0,0.5,qb
435,05/13/2018 02:25:00,05/13/2018 03:00:00,05/13/2018,35.0,0.4,qb
436,05/13/2018 10:35:00,05/13/2018 10:35:00,05/13/2018,0.0,0.1,qb
437,05/17/2018 19:10:00,05/17/2018 21:05:00,05/17/2018,115.0,3.4,qb
438,05/18/2018 19:35:00,05/18/2018 21:30:00,05/18/2018,115.0,1.1,qb
439,05/19/2018 07:25:00,05/19/2018 08:25:00,05/19/2018,60.0,1.4000000000000004,qb
440,05/19/2018 10:45:00,05/19/2018 15:20:00,05/19/2018,275.0,2.0,qb
441,05/19/2018 20:45:00,05/20/2018 05:45:00,05/19/2018,540.0,2.4000000000000004,qb
442,05/20/2018 09:00:00,05/20/2018 09:25:00,05/20/2018,25.0,0.3,qb
443,05/20/2018 12:30:00,05/20/2018 13:10:00,05/20/2018,40.0,0.3,qb
444,05/21/2018 06:00:00,05/21/2018 06:00:00,05/21/2018,0.0,0.1,qb
445,05/21/2018 19:25:00,05/21/2018 20:25:00,05/21/2018,60.0,0.2,qb
446,05/22/2018 15:00:00,05/22/2018 16:15:00,05/22/2018,75.0,3.1,qb
447,05/22/2018 20:30:00,05/22/2018 20:30:00,05/22/2018,0.0,0.1,qb
448,05/25/2018 03:15:00,05/25/2018 12:40:00,05/25/2018,565.0,27.600000000000005,qb
449,05/25/2018 17:05:00,05/25/2018 17:25:00,05/25/2018,20.0,1.1000000000000003,qb
450,05/25/2018 19:40:00,05/26/2018 04:25:00,05/25/2018,525.0,42.6,qb
451,05/29/2018 08:40:00,05/29/2018 09:10:00,05/29/2018,30.0,0.6,qb
452,05/31/2018 05:45:00,05/31/2018 11:35:00,05/31/2018,350.0,9.299999999999995,qb
453,06/02/2018 09:25:00,06/02/2018 09:30:00,06/02/2018,5.0,4.1,qb
454,06/03/2018 03:30:00,06/03/2018 03:30:00,06/03/2018,0.0,0.1,qb
455,06/03/2018 06:15:00,06/03/2018 06:15:00,06/03/2018,0.0,0.1,qb
456,06/05/2018 00:50:00,06/05/2018 02:25:00,06/05/2018,95.0,0.3,qb
457,06/05/2018 05:05:00,06/05/2018 06:05:00,06/05/2018,60.0,0.5,qb
458,06/05/2018 19:30:00,06/05/2018 20:25:00,06/05/2018,55.0,0.2,qb
459,06/09/2018 18:35:00,06/09/2018 19:15:00,06/09/2018,40.0,0.7999999999999999,qb
460,06/09/2018 22:10:00,06/09/2018 22:10:00,06/09/2018,0.0,0.1,qb
461,06/10/2018 02:55:00,06/10/2018 03:10:00,06/10/2018,15.0,0.2,qb
462,06/20/2018 06:15:00,06/20/2018 16:40:00,06/20/2018,625.0,23.500000000000007,qb
463,06/22/2018 13:10:00,06/23/2018 00:05:00,06/22/2018,655.0,13.8,qb
464,06/23/2018 02:25:00,06/23/2018 02:30:00,06/23/2018,5.0,0.2,qb
465,06/23/2018 11:35:00,06/23/2018 11:35:00,06/23/2018,0.0,0.1,qb
466,06/24/2018 20:45:00,06/24/2018 22:40:00,06/24/2018,115.0,8.399999999999999,qb
467,06/28/2018 18:20:00,06/28/2018 18:40:00,06/28/2018,20.0,0.2,qb
468,06/28/2018 21:45:00,06/28/2018 22:10:00,06/28/2018,25.0,0.4,qb
469,06/29/2018 00:20:00,06/29/2018 00:50:00,06/29/2018,30.0,2.2,qb
470,06/30/2018 09:30:00,06/30/2018 13:10:00,06/30/2018,220.0,14.7,qb
471,06/30/2018 22:40:00,07/01/2018 11:00:00,06/30/2018,740.0,7.099999999999999,qb
472,07/01/2018 13:15:00,07/01/2018 13:15:00,07/01/2018,0.0,0.1,qb
473,07/03/2018 14:45:00,07/03/2018 15:10:00,07/03/2018,25.0,1.6000000000000003,qb
474,07/04/2018 14:25:00,07/04/2018 21:55:00,07/04/2018,450.0,29.300000000000004,qb
475,07/05/2018 06:30:00,07/05/2018 06:45:00,07/05/2018,15.0,2.2,qb
476,07/05/2018 11:10:00,07/05/2018 11:25:00,07/05/2018,15.0,4.699999999999999,qb
477,07/05/2018 13:35:00,07/05/2018 19:20:00,07/05/2018,345.0,12.3,qb
478,07/06/2018 13:05:00,07/06/2018 13:25:00,07/06/2018,20.0,2.2,qb
479,07/07/2018 01:10:00,07/07/2018 01:20:00,07/07/2018,10.0,0.4,qb
480,07/22/2018 04:10:00,07/22/2018 16:40:00,07/22/2018,750.0,15.4,qb
481,07/23/2018 19:10:00,07/23/2018 20:00:00,07/23/2018,50.0,1.7,qb
482,07/24/2018 01:00:00,07/24/2018 01:45:00,07/24/2018,45.0,0.2,qb
483,07/26/2018 12:10:00,07/26/2018 14:35:00,07/26/2018,145.0,14.8,qb
484,08/02/2018 22:10:00,08/03/2018 13:15:00,08/02/2018,905.0,38.6,qb
485,08/03/2018 15:50:00,08/03/2018 17:00:00,08/03/2018,70.0,0.3,qb
486,08/06/2018 15:20:00,08/06/2018 15:20:00,08/06/2018,0.0,0.6,qb
487,08/12/2018 06:10:00,08/12/2018 07:50:00,08/12/2018,100.0,0.6,qb
488,08/12/2018 10:10:00,08/12/2018 13:25:00,08/12/2018,195.0,28.700000000000006,qb
489,08/12/2018 15:40:00,08/12/2018 23:00:00,08/12/2018,440.0,19.9,qb
490,08/13/2018 02:40:00,08/13/2018 05:30:00,08/13/2018,170.0,1.1,qb
491,08/14/2018 14:10:00,08/14/2018 16:35:00,08/14/2018,145.0,1.5000000000000002,qb
492,08/15/2018 03:00:00,08/15/2018 03:10:00,08/15/2018,10.0,1.1,qb
493,08/15/2018 06:40:00,08/15/2018 06:40:00,08/15/2018,0.0,0.1,qb
494,08/16/2018 10:20:00,08/16/2018 10:20:00,08/16/2018,0.0,0.1,qb
495,08/16/2018 14:15:00,08/16/2018 15:20:00,08/16/2018,65.0,1.2000000000000002,qb
496,08/16/2018 17:30:00,08/17/2018 15:05:00,08/16/2018,1295.0,127.2,qb
497,08/19/2018 16:10:00,08/19/2018 16:10:00,08/19/2018,0.0,0.1,qb
498,08/21/2018 02:00:00,08/21/2018 02:20:00,08/21/2018,20.0,3.9,qb
499,08/21/2018 06:30:00,08/21/2018 06:30:00,08/21/2018,0.0,0.1,qb
500,08/21/2018 10:55:00,08/21/2018 11:05:00,08/21/2018,10.0,1.6,qb
501,08/25/2018 07:30:00,08/25/2018 19:10:00,08/25/2018,700.0,7.699999999999999,qb
502,08/26/2018 05:55:00,08/26/2018 07:20:00,08/26/2018,85.0,0.8999999999999999,qb
503,08/26/2018 11:05:00,08/26/2018 12:35:00,08/26/2018,90.0,0.8999999999999999,qb
504,09/01/2018 14:55:00,09/01/2018 17:50:00,09/01/2018,175.0,71.09999999999998,qb
505,09/02/2018 12:20:00,09/02/2018 12:25:00,09/02/2018,5.0,0.3,qb
506,09/02/2018 16:05:00,09/02/2018 17:05:00,09/02/2018,60.0,5.6,qb
507,09/03/2018 08:00:00,09/03/2018 08:00:00,09/03/2018,0.0,0.1,qb
508,09/03/2018 18:50:00,09/03/2018 19:15:00,09/03/2018,25.0,1.0,qb
509,09/06/2018 23:50:00,09/06/2018 23:50:00,09/06/2018,0.0,0.1,qb
510,09/07/2018 03:00:00,09/07/2018 11:25:00,09/07/2018,505.0,7.899999999999999,qb
511,09/07/2018 14:10:00,09/07/2018 16:20:00,09/07/2018,130.0,1.9,qb
512,09/08/2018 07:30:00,09/08/2018 08:50:00,09/08/2018,80.0,0.3,qb
513,09/12/2018 01:45:00,09/12/2018 01:45:00,09/12/2018,0.0,0.1,qb
514,09/12/2018 05:10:00,09/12/2018 06:05:00,09/12/2018,55.0,0.3,qb
515,09/16/2018 22:25:00,09/17/2018 12:35:00,09/16/2018,850.0,26.4,qb
516,09/20/2018 12:55:00,09/20/2018 13:20:00,09/20/2018,25.0,6.4,qb
517,09/20/2018 16:05:00,09/20/2018 20:00:00,09/20/2018,235.0,4.999999999999998,qb
518,09/20/2018 22:45:00,09/21/2018 00:45:00,09/20/2018,120.0,2.9000000000000004,qb
519,09/21/2018 08:15:00,09/21/2018 09:20:00,09/21/2018,65.0,2.7,qb
520,09/21/2018 12:20:00,09/21/2018 12:20:00,09/21/2018,0.0,0.1,qb
521,10/05/2018 05:00:00,10/05/2018 08:15:00,10/05/2018,195.0,2.4000000000000004,qb
522,10/05/2018 11:45:00,10/05/2018 13:20:00,10/05/2018,95.0,0.7,qb
523,10/09/2018 05:25:00,10/09/2018 06:10:00,10/09/2018,45.0,0.3,qb
524,10/10/2018 00:00:00,10/10/2018 00:25:00,10/10/2018,25.0,0.2,qb
525,10/15/2018 19:40:00,10/16/2018 05:25:00,10/15/2018,585.0,15.1,qb
526,10/21/2018 20:05:00,10/21/2018 22:10:00,10/21/2018,125.0,1.2000000000000002,qb
527,10/22/2018 02:35:00,10/22/2018 06:35:00,10/22/2018,240.0,0.8,qb
528,10/22/2018 09:40:00,10/22/2018 13:00:00,10/22/2018,200.0,2.7,qb
529,10/22/2018 15:50:00,10/22/2018 16:55:00,10/22/2018,65.0,0.4,qb
530,10/23/2018 09:30:00,10/23/2018 09:30:00,10/23/2018,0.0,0.1,qb
531,11/05/2018 08:20:00,11/05/2018 10:00:00,11/05/2018,100.0,0.2,qb
532,11/05/2018 21:00:00,11/06/2018 00:00:00,11/05/2018,180.0,0.5,qb
533,11/07/2018 02:10:00,11/07/2018 03:40:00,11/07/2018,90.0,0.7,qb
534,11/07/2018 06:20:00,11/07/2018 13:20:00,11/07/2018,420.0,16.100000000000005,qb
535,11/08/2018 00:40:00,11/08/2018 06:50:00,11/08/2018,370.0,30.000000000000004,qb
536,11/08/2018 13:35:00,11/08/2018 14:00:00,11/08/2018,25.0,0.3,qb
537,11/11/2018 23:20:00,11/12/2018 04:20:00,11/11/2018,300.0,2.3000000000000003,qb
538,11/12/2018 07:55:00,11/12/2018 08:35:00,11/12/2018,40.0,0.4,qb
539,11/15/2018 13:15:00,11/15/2018 17:15:00,11/15/2018,240.0,4.499999999999999,qb
540,11/15/2018 20:15:00,11/15/2018 22:20:00,11/15/2018,125.0,0.8,qb
541,11/16/2018 11:35:00,11/16/2018 11:35:00,11/16/2018,0.0,0.1,qb
542,11/16/2018 22:55:00,11/17/2018 00:10:00,11/16/2018,75.0,0.6,qb
543,11/17/2018 12:45:00,11/17/2018 12:45:00,11/17/2018,0.0,0.1,qb
544,11/17/2018 22:20:00,11/18/2018 05:00:00,11/17/2018,400.0,7.899999999999999,qb
545,11/18/2018 09:50:00,11/19/2018 00:25:00,11/18/2018,875.0,11.8,qb
546,11/20/2018 22:15:00,11/21/2018 16:30:00,11/20/2018,1095.0,28.000000000000004,qb
547,11/21/2018 19:30:00,11/21/2018 20:25:00,11/21/2018,55.0,2.2,qb
548,11/25/2018 16:00:00,11/25/2018 16:20:00,11/25/2018,20.0,0.2,qb
549,12/02/2018 12:40:00,12/02/2018 18:45:00,12/02/2018,365.0,10.499999999999998,qb
550,12/03/2018 03:25:00,12/03/2018 05:40:00,12/03/2018,135.0,1.4000000000000004,qb
551,12/03/2018 14:30:00,12/03/2018 17:30:00,12/03/2018,180.0,2.2,qb
552,12/04/2018 01:15:00,12/04/2018 12:05:00,12/04/2018,650.0,5.9,qb
553,12/04/2018 14:40:00,12/04/2018 14:40:00,12/04/2018,0.0,0.1,qb
554,12/04/2018 17:40:00,12/05/2018 01:25:00,12/04/2018,465.0,5.699999999999998,qb
555,12/05/2018 22:20:00,12/06/2018 09:15:00,12/05/2018,655.0,17.800000000000004,qb
556,12/06/2018 11:40:00,12/07/2018 03:45:00,12/06/2018,965.0,18.1,qb
557,12/07/2018 08:50:00,12/07/2018 08:50:00,12/07/2018,0.0,0.1,qb
558,12/07/2018 14:00:00,12/07/2018 22:55:00,12/07/2018,535.0,4.0,qb
559,12/08/2018 12:30:00,12/08/2018 13:50:00,12/08/2018,80.0,0.7,qb
560,12/09/2018 08:55:00,12/09/2018 10:20:00,12/09/2018,85.0,1.4,qb
561,12/09/2018 16:20:00,12/09/2018 17:00:00,12/09/2018,40.0,0.2,qb
562,12/09/2018 21:05:00,12/10/2018 05:00:00,12/09/2018,475.0,5.599999999999998,qb
563,12/10/2018 18:00:00,12/11/2018 09:25:00,12/10/2018,925.0,14.1,qb
564,12/15/2018 18:30:00,12/16/2018 04:00:00,12/15/2018,570.0,7.499999999999998,qb
565,12/20/2018 02:50:00,12/20/2018 02:50:00,12/20/2018,0.0,0.1,qb
566,12/20/2018 10:10:00,12/20/2018 10:10:00,12/20/2018,0.0,0.1,qb
567,12/21/2018 11:35:00,12/21/2018 11:35:00,12/21/2018,0.0,0.1,qb
568,12/22/2018 02:30:00,12/22/2018 19:00:00,12/22/2018,990.0,11.6,qb
569,12/22/2018 21:35:00,12/23/2018 01:45:00,12/22/2018,250.0,2.0000000000000004,qb
570,12/25/2018 21:00:00,12/26/2018 07:45:00,12/25/2018,645.0,6.699999999999998,qb
571,12/26/2018 11:25:00,12/26/2018 13:55:00,12/26/2018,150.0,2.3000000000000003,qb
572,12/26/2018 16:55:00,12/27/2018 01:00:00,12/26/2018,485.0,6.1,qb
573,12/30/2018 17:40:00,12/30/2018 17:40:00,12/30/2018,0.0,0.1,qb
574,12/31/2018 10:25:00,12/31/2018 11:05:00,12/31/2018,40.0,3.4000000000000004,qb
575,01/04/2019 06:00:00,01/04/2019 15:10:00,01/04/2019,550.0,4.599999999999998,qb
576,01/04/2019 18:00:00,01/05/2019 02:35:00,01/04/2019,515.0,3.3000000000000007,qb
577,01/05/2019 05:00:00,01/05/2019 08:50:00,01/05/2019,230.0,0.7,qb
578,01/05/2019 19:05:00,01/06/2019 06:05:00,01/05/2019,660.0,4.1,qb
579,01/06/2019 08:10:00,01/06/2019 08:10:00,01/06/2019,0.0,0.1,qb
580,01/07/2019 08:30:00,01/07/2019 08:30:00,01/07/2019,0.0,0.1,qb
581,01/07/2019 12:40:00,01/07/2019 22:40:00,01/07/2019,600.0,4.1,qb
582,01/09/2019 02:30:00,01/09/2019 04:50:00,01/09/2019,140.0,0.4,qb
583,01/09/2019 09:10:00,01/09/2019 09:10:00,01/09/2019,0.0,0.1,qb
584,01/09/2019 11:30:00,01/10/2019 00:35:00,01/09/2019,785.0,4.4,qb
585,01/10/2019 02:40:00,01/10/2019 09:05:00,01/10/2019,385.0,1.3000000000000005,qb
586,01/10/2019 19:35:00,01/11/2019 08:45:00,01/10/2019,790.0,10.400000000000002,qb
587,01/11/2019 13:15:00,01/12/2019 03:00:00,01/11/2019,825.0,8.499999999999998,qb
588,01/14/2019 22:20:00,01/15/2019 04:40:00,01/14/2019,380.0,3.9,qb
589,01/15/2019 08:00:00,01/15/2019 08:40:00,01/15/2019,40.0,0.2,qb
590,01/28/2019 21:05:00,01/28/2019 21:05:00,01/28/2019,0.0,0.1,qb
591,01/28/2019 23:15:00,01/29/2019 00:35:00,01/28/2019,80.0,0.2,qb
592,01/31/2019 04:30:00,01/31/2019 09:50:00,01/31/2019,320.0,7.1,qb
593,01/31/2019 11:55:00,01/31/2019 11:55:00,01/31/2019,0.0,0.1,qb
594,02/03/2019 17:55:00,02/03/2019 18:00:00,02/03/2019,5.0,0.2,qb
595,02/07/2019 03:50:00,02/07/2019 03:50:00,02/07/2019,0.0,0.1,qb
596,02/07/2019 08:00:00,02/07/2019 08:20:00,02/07/2019,20.0,0.3,qb
597,02/07/2019 10:30:00,02/07/2019 10:30:00,02/07/2019,0.0,0.1,qb
598,02/08/2019 01:00:00,02/08/2019 10:30:00,02/08/2019,570.0,6.599999999999999,qb
599,02/08/2019 21:15:00,02/09/2019 04:00:00,02/08/2019,405.0,7.1999999999999975,qb
600,02/09/2019 06:45:00,02/09/2019 06:45:00,02/09/2019,0.0,0.1,qb
601,02/09/2019 20:50:00,02/09/2019 20:50:00,02/09/2019,0.0,0.1,qb
602,02/10/2019 09:25:00,02/10/2019 09:25:00,02/10/2019,0.0,0.1,qb
603,02/10/2019 13:30:00,02/10/2019 18:30:00,02/10/2019,300.0,1.5000000000000004,qb
604,02/12/2019 11:50:00,02/13/2019 03:10:00,02/12/2019,920.0,21.40000000000001,qb
605,02/13/2019 20:00:00,02/14/2019 04:40:00,02/13/2019,520.0,11.999999999999998,qb
606,02/14/2019 23:10:00,02/15/2019 23:40:00,02/14/2019,1470.0,23.4,qb
607,02/18/2019 00:30:00,02/18/2019 01:05:00,02/18/2019,35.0,0.3,qb
608,02/18/2019 03:10:00,02/19/2019 01:20:00,02/18/2019,1330.0,21.0,qb
609,02/19/2019 04:30:00,02/19/2019 06:20:00,02/19/2019,110.0,1.2000000000000002,qb
610,02/19/2019 20:15:00,02/19/2019 22:45:00,02/19/2019,150.0,3.2,qb
611,02/20/2019 00:50:00,02/20/2019 08:25:00,02/20/2019,455.0,9.2,qb
612,02/20/2019 10:45:00,02/20/2019 11:35:00,02/20/2019,50.0,0.3,qb
613,02/20/2019 14:00:00,02/21/2019 01:30:00,02/20/2019,690.0,2.8000000000000007,qb
614,02/21/2019 05:35:00,02/21/2019 05:35:00,02/21/2019,0.0,0.1,qb
615,02/21/2019 13:40:00,02/21/2019 19:15:00,02/21/2019,335.0,3.100000000000001,qb
616,02/21/2019 21:20:00,02/22/2019 00:35:00,02/21/2019,195.0,0.9,qb
617,02/22/2019 05:35:00,02/22/2019 07:50:00,02/22/2019,135.0,5.3,qb
618,02/26/2019 19:00:00,02/26/2019 20:15:00,02/26/2019,75.0,0.7999999999999999,qb
619,02/27/2019 12:30:00,02/27/2019 19:20:00,02/27/2019,410.0,5.799999999999999,qb
620,02/28/2019 11:50:00,02/28/2019 11:50:00,02/28/2019,0.0,0.1,qb
621,03/01/2019 14:25:00,03/01/2019 16:20:00,03/01/2019,115.0,0.6,qb
622,03/02/2019 04:30:00,03/02/2019 16:35:00,03/02/2019,725.0,8.799999999999997,qb
623,03/02/2019 18:45:00,03/02/2019 18:45:00,03/02/2019,0.0,0.1,qb
624,03/03/2019 09:50:00,03/03/2019 09:50:00,03/03/2019,0.0,0.1,qb
625,03/05/2019 13:00:00,03/06/2019 02:10:00,03/05/2019,790.0,7.799999999999998,qb
626,03/06/2019 05:30:00,03/06/2019 06:30:00,03/06/2019,60.0,0.3,qb
627,03/09/2019 01:45:00,03/09/2019 09:15:00,03/09/2019,450.0,8.599999999999998,qb
628,03/09/2019 13:20:00,03/09/2019 15:45:00,03/09/2019,145.0,0.5,qb
629,03/14/2019 06:00:00,03/14/2019 07:45:00,03/14/2019,105.0,1.5000000000000004,qb
630,03/18/2019 07:50:00,03/18/2019 10:30:00,03/18/2019,160.0,0.7,qb
631,03/20/2019 07:50:00,03/20/2019 09:00:00,03/20/2019,70.0,0.8999999999999999,qb
632,03/21/2019 12:20:00,03/21/2019 14:25:00,03/21/2019,125.0,2.3000000000000003,qb
633,03/21/2019 16:45:00,03/21/2019 19:50:00,03/21/2019,185.0,2.9000000000000004,qb
634,03/21/2019 23:15:00,03/22/2019 01:35:00,03/21/2019,140.0,0.7999999999999999,qb
635,03/22/2019 23:10:00,03/22/2019 23:10:00,03/22/2019,0.0,0.1,qb
636,03/25/2019 03:05:00,03/25/2019 07:40:00,03/25/2019,275.0,3.2000000000000006,qb
637,03/27/2019 14:35:00,03/27/2019 22:35:00,03/27/2019,480.0,9.7,qb
638,03/28/2019 14:10:00,03/28/2019 20:15:00,03/28/2019,365.0,3.000000000000001,qb
639,04/04/2019 20:00:00,04/04/2019 20:00:00,04/04/2019,0.0,0.1,qb
640,04/09/2019 13:40:00,04/09/2019 18:20:00,04/09/2019,280.0,12.9,qb
641,04/11/2019 03:05:00,04/11/2019 07:10:00,04/11/2019,245.0,1.0,qb
642,04/21/2019 17:00:00,04/21/2019 20:00:00,04/21/2019,180.0,1.4000000000000004,qb
643,04/21/2019 22:50:00,04/22/2019 04:00:00,04/21/2019,310.0,1.0,qb
644,04/22/2019 09:20:00,04/22/2019 12:00:00,04/22/2019,160.0,1.0,qb
645,04/22/2019 22:00:00,04/23/2019 02:05:00,04/22/2019,245.0,41.30000000000001,qb
646,04/23/2019 04:25:00,04/23/2019 04:25:00,04/23/2019,0.0,0.2,qb
647,04/24/2019 04:35:00,04/24/2019 06:25:00,04/24/2019,110.0,2.6,qb
648,04/24/2019 14:20:00,04/24/2019 14:20:00,04/24/2019,0.0,0.2,qb
649,04/29/2019 11:40:00,04/29/2019 16:40:00,04/29/2019,300.0,6.4,qb
650,04/30/2019 04:20:00,04/30/2019 04:20:00,04/30/2019,0.0,0.1,qb
651,04/30/2019 07:20:00,04/30/2019 08:45:00,04/30/2019,85.0,0.8,qb
652,05/13/2019 13:05:00,05/13/2019 14:20:00,05/13/2019,75.0,1.4000000000000004,qb
653,05/13/2019 18:35:00,05/13/2019 19:05:00,05/13/2019,30.0,0.3,qb
654,05/15/2019 18:05:00,05/15/2019 21:00:00,05/15/2019,175.0,0.5,qb
655,05/15/2019 23:15:00,05/15/2019 23:15:00,05/15/2019,0.0,0.1,qb
656,05/25/2019 20:45:00,05/25/2019 23:25:00,05/25/2019,160.0,2.9000000000000004,qb
657,05/26/2019 02:05:00,05/26/2019 17:05:00,05/26/2019,900.0,31.80000000000001,qb
658,05/26/2019 22:00:00,05/26/2019 22:20:00,05/26/2019,20.0,0.2,qb
659,05/27/2019 02:25:00,05/27/2019 02:25:00,05/27/2019,0.0,0.1,qb
660,05/27/2019 06:50:00,05/27/2019 06:50:00,05/27/2019,0.0,0.1,qb
661,05/30/2019 16:55:00,05/30/2019 16:55:00,05/30/2019,0.0,0.1,qb
662,05/31/2019 00:10:00,05/31/2019 02:45:00,05/31/2019,155.0,2.5000000000000004,qb
663,06/06/2019 08:50:00,06/06/2019 10:05:00,06/06/2019,75.0,0.3,qb
664,06/13/2019 13:40:00,06/13/2019 16:40:00,06/13/2019,180.0,2.3000000000000003,qb
665,06/13/2019 20:10:00,06/14/2019 03:05:00,06/13/2019,415.0,9.1,qb
666,06/14/2019 06:50:00,06/14/2019 06:50:00,06/14/2019,0.0,0.1,qb
667,06/18/2019 00:00:00,06/18/2019 20:45:00,06/18/2019,1245.0,68.0,qb
668,06/20/2019 11:00:00,06/20/2019 12:30:00,06/20/2019,90.0,1.2000000000000002,qb
669,06/20/2019 14:35:00,06/20/2019 19:00:00,06/20/2019,265.0,12.3,qb
670,06/20/2019 22:30:00,06/21/2019 03:50:00,06/20/2019,320.0,29.800000000000008,qb
671,06/25/2019 14:35:00,06/25/2019 15:45:00,06/25/2019,70.0,1.2000000000000002,qb
672,06/26/2019 02:50:00,06/26/2019 06:55:00,06/26/2019,245.0,34.3,qb
673,06/26/2019 13:10:00,06/26/2019 17:10:00,06/26/2019,240.0,1.1,qb
674,06/27/2019 00:10:00,06/27/2019 04:45:00,06/27/2019,275.0,1.2000000000000002,qb
675,06/29/2019 12:35:00,06/29/2019 17:35:00,06/29/2019,300.0,8.9,qb
676,06/29/2019 22:25:00,06/30/2019 12:20:00,06/29/2019,835.0,125.2,qb
677,07/01/2019 03:45:00,07/01/2019 10:25:00,07/01/2019,400.0,13.499999999999998,qb
678,07/07/2019 00:10:00,07/07/2019 02:25:00,07/07/2019,135.0,11.099999999999996,qb
679,07/09/2019 04:40:00,07/09/2019 04:40:00,07/09/2019,0.0,0.1,qb
680,07/09/2019 07:50:00,07/09/2019 13:55:00,07/09/2019,365.0,22.300000000000004,qb
681,07/09/2019 17:10:00,07/09/2019 17:55:00,07/09/2019,45.0,0.4,qb
682,07/09/2019 20:55:00,07/10/2019 08:35:00,07/09/2019,700.0,13.8,qb
683,07/10/2019 12:00:00,07/10/2019 12:00:00,07/10/2019,0.0,0.2,qb
684,07/10/2019 15:40:00,07/10/2019 19:25:00,07/10/2019,225.0,1.1,qb
685,07/12/2019 10:10:00,07/13/2019 16:05:00,07/12/2019,1795.0,75.0,qb
686,07/13/2019 23:10:00,07/13/2019 23:10:00,07/13/2019,0.0,0.1,qb
687,07/16/2019 12:15:00,07/16/2019 12:15:00,07/16/2019,0.0,0.1,qb
688,07/16/2019 14:40:00,07/16/2019 16:25:00,07/16/2019,105.0,0.2,qb
689,07/19/2019 04:40:00,07/19/2019 06:40:00,07/19/2019,120.0,0.4,qb
690,07/19/2019 12:35:00,07/19/2019 12:55:00,07/19/2019,20.0,0.6,qb
691,07/24/2019 10:25:00,07/24/2019 10:25:00,07/24/2019,0.0,0.1,qb
692,08/03/2019 18:45:00,08/03/2019 18:50:00,08/03/2019,5.0,1.4,qb
693,08/04/2019 00:40:00,08/04/2019 03:55:00,08/04/2019,195.0,27.4,qb
694,08/04/2019 07:15:00,08/04/2019 16:45:00,08/04/2019,570.0,10.299999999999995,qb
695,08/08/2019 19:00:00,08/08/2019 20:45:00,08/08/2019,105.0,0.4,qb
696,08/09/2019 14:00:00,08/11/2019 06:05:00,08/09/2019,2405.0,230.9,qb
697,08/13/2019 12:15:00,08/13/2019 13:10:00,08/13/2019,55.0,60.9,qb
698,08/13/2019 15:15:00,08/13/2019 15:25:00,08/13/2019,10.0,0.2,qb
699,08/14/2019 16:15:00,08/14/2019 16:55:00,08/14/2019,40.0,0.3,qb
700,08/18/2019 15:05:00,08/18/2019 18:55:00,08/18/2019,230.0,57.3,qb
701,08/19/2019 00:25:00,08/19/2019 00:25:00,08/19/2019,0.0,0.1,qb
702,08/23/2019 14:00:00,08/23/2019 16:25:00,08/23/2019,145.0,12.0,qb
703,08/25/2019 15:50:00,08/25/2019 17:15:00,08/25/2019,85.0,0.7000000000000001,qb
704,08/26/2019 06:30:00,08/26/2019 06:35:00,08/26/2019,5.0,0.6000000000000001,qb
705,08/26/2019 10:40:00,08/26/2019 10:40:00,08/26/2019,0.0,0.1,qb
706,08/27/2019 21:35:00,08/27/2019 22:25:00,08/27/2019,50.0,6.9,qb
707,08/28/2019 20:25:00,08/28/2019 20:25:00,08/28/2019,0.0,0.2,qb
708,08/28/2019 22:35:00,08/29/2019 15:05:00,08/28/2019,990.0,12.3,qb
709,08/30/2019 18:05:00,08/30/2019 18:25:00,08/30/2019,20.0,1.5,qb
710,08/31/2019 09:05:00,08/31/2019 09:05:00,08/31/2019,0.0,0.1,qb
711,08/31/2019 22:50:00,09/01/2019 16:45:00,08/31/2019,1075.0,58.900000000000006,qb
712,09/01/2019 19:25:00,09/02/2019 00:15:00,09/01/2019,290.0,2.0,qb
713,09/02/2019 03:20:00,09/02/2019 06:15:00,09/02/2019,175.0,2.6,qb
714,09/02/2019 08:40:00,09/03/2019 05:25:00,09/02/2019,1245.0,44.6,qb
715,09/03/2019 09:40:00,09/03/2019 09:40:00,09/03/2019,0.0,0.1,qb
716,09/03/2019 12:30:00,09/03/2019 13:25:00,09/03/2019,55.0,0.4,qb
717,09/04/2019 00:10:00,09/04/2019 00:55:00,09/04/2019,45.0,0.2,qb
718,09/04/2019 08:45:00,09/04/2019 09:25:00,09/04/2019,40.0,1.4,qb
719,09/04/2019 11:50:00,09/04/2019 14:05:00,09/04/2019,135.0,4.8,qb
720,09/04/2019 20:35:00,09/04/2019 20:35:00,09/04/2019,0.0,0.1,qb
721,09/05/2019 08:00:00,09/05/2019 08:00:00,09/05/2019,0.0,0.1,qb
722,09/05/2019 17:30:00,09/05/2019 18:00:00,09/05/2019,30.0,2.3000000000000003,qb
723,09/06/2019 01:35:00,09/06/2019 02:40:00,09/06/2019,65.0,2.6,qb
724,09/06/2019 05:20:00,09/06/2019 17:00:00,09/06/2019,700.0,117.29999999999998,qb
725,09/10/2019 15:45:00,09/10/2019 16:35:00,09/10/2019,50.0,5.3,qb
726,09/11/2019 08:30:00,09/11/2019 08:30:00,09/11/2019,0.0,0.1,qb
727,09/14/2019 23:55:00,09/15/2019 00:35:00,09/14/2019,40.0,0.3,qb
728,09/21/2019 05:35:00,09/21/2019 18:30:00,09/21/2019,775.0,15.1,qb
729,09/21/2019 22:45:00,09/21/2019 22:45:00,09/21/2019,0.0,0.1,qb
730,09/22/2019 01:05:00,09/22/2019 05:35:00,09/22/2019,270.0,3.200000000000001,qb
731,09/22/2019 07:45:00,09/22/2019 07:45:00,09/22/2019,0.0,0.1,qb
732,09/22/2019 12:30:00,09/22/2019 13:50:00,09/22/2019,80.0,0.7999999999999999,qb
733,09/22/2019 16:35:00,09/22/2019 19:00:00,09/22/2019,145.0,0.5,qb
734,10/01/2019 07:40:00,10/01/2019 10:20:00,10/01/2019,160.0,19.80000000000001,qb
735,10/01/2019 12:30:00,10/02/2019 11:55:00,10/01/2019,1405.0,71.1,qb
736,10/05/2019 15:10:00,10/05/2019 15:10:00,10/05/2019,0.0,0.1,qb
737,10/13/2019 17:30:00,10/13/2019 18:00:00,10/13/2019,30.0,0.2,qb
738,10/13/2019 20:20:00,10/13/2019 21:00:00,10/13/2019,40.0,0.5,qb
739,10/14/2019 15:25:00,10/14/2019 17:00:00,10/14/2019,95.0,0.2,qb
740,11/13/2019 08:15:00,11/13/2019 09:35:00,11/13/2019,80.0,0.5,qb
741,11/18/2019 02:35:00,11/18/2019 02:35:00,11/18/2019,0.0,0.1,qb
742,11/18/2019 12:15:00,11/18/2019 12:15:00,11/18/2019,0.0,0.1,qb
743,11/24/2019 18:35:00,11/24/2019 18:35:00,11/24/2019,0.0,0.1,qb
744,11/24/2019 22:25:00,11/24/2019 22:25:00,11/24/2019,0.0,0.1,qb
745,11/27/2019 14:20:00,11/27/2019 23:00:00,11/27/2019,520.0,10.1,qb
746,11/30/2019 14:45:00,12/01/2019 07:25:00,11/30/2019,1000.0,19.60000000000001,qb
747,12/17/2019 14:25:00,12/17/2019 18:30:00,12/17/2019,245.0,4.6000000000000005,qb
748,12/17/2019 23:25:00,12/18/2019 05:35:00,12/17/2019,370.0,3.600000000000001,qb
749,12/18/2019 07:40:00,12/18/2019 08:10:00,12/18/2019,30.0,0.5,qb
750,12/18/2019 15:10:00,12/18/2019 18:40:00,12/18/2019,210.0,0.6,qb
751,12/18/2019 23:25:00,12/19/2019 02:40:00,12/18/2019,195.0,1.9,qb
752,12/20/2019 15:40:00,12/20/2019 16:10:00,12/20/2019,30.0,0.4,qb
753,12/21/2019 03:25:00,12/21/2019 15:15:00,12/21/2019,710.0,9.499999999999998,qb
754,12/21/2019 19:00:00,12/22/2019 04:10:00,12/21/2019,550.0,18.9,qb
755,12/22/2019 07:20:00,12/22/2019 07:20:00,12/22/2019,0.0,0.1,qb
756,12/23/2019 10:55:00,12/23/2019 10:55:00,12/23/2019,0.0,0.1,qb
757,12/23/2019 19:30:00,12/24/2019 03:20:00,12/23/2019,470.0,11.699999999999998,qb
758,12/24/2019 08:20:00,12/24/2019 08:30:00,12/24/2019,10.0,0.2,qb
759,12/25/2019 14:55:00,12/26/2019 01:00:00,12/25/2019,605.0,8.499999999999998,qb
760,12/26/2019 11:10:00,12/26/2019 11:10:00,12/26/2019,0.0,0.1,qb
761,12/29/2019 00:00:00,12/29/2019 01:40:00,12/29/2019,100.0,0.3,qb
762,12/29/2019 06:30:00,12/29/2019 06:30:00,12/29/2019,0.0,0.1,qb
763,01/02/2020 04:05:00,01/02/2020 04:15:00,01/02/2020,10.0,0.2,qb
764,01/03/2020 10:30:00,01/03/2020 16:35:00,01/03/2020,365.0,1.1,qb
765,01/03/2020 18:40:00,01/03/2020 19:00:00,01/03/2020,20.0,0.4,qb
766,01/04/2020 02:00:00,01/04/2020 09:25:00,01/04/2020,445.0,1.0,qb
767,01/07/2020 13:15:00,01/07/2020 15:55:00,01/07/2020,160.0,0.8999999999999999,qb
768,01/09/2020 13:50:00,01/09/2020 15:10:00,01/09/2020,80.0,1.0,qb
769,01/09/2020 17:15:00,01/09/2020 17:55:00,01/09/2020,40.0,0.2,qb
770,01/09/2020 21:10:00,01/09/2020 21:10:00,01/09/2020,0.0,0.1,qb
771,01/10/2020 13:15:00,01/11/2020 10:45:00,01/10/2020,1290.0,15.600000000000003,qb
772,01/11/2020 15:00:00,01/11/2020 18:35:00,01/11/2020,215.0,1.4000000000000004,qb
773,01/15/2020 15:25:00,01/17/2020 00:15:00,01/15/2020,1970.0,15.499999999999996,qb
774,01/21/2020 16:35:00,01/22/2020 21:00:00,01/21/2020,1705.0,20.0,qb
775,01/23/2020 02:00:00,01/23/2020 09:10:00,01/23/2020,430.0,5.299999999999999,qb
776,01/23/2020 13:50:00,01/24/2020 03:55:00,01/23/2020,845.0,30.90000000000001,qb
777,01/24/2020 17:00:00,01/25/2020 14:05:00,01/24/2020,1265.0,18.6,qb
778,01/25/2020 17:15:00,01/27/2020 06:10:00,01/25/2020,2215.0,29.80000000000001,qb
779,01/27/2020 15:35:00,01/27/2020 16:35:00,01/27/2020,60.0,0.2,qb
780,02/06/2020 14:35:00,02/07/2020 04:20:00,02/06/2020,825.0,11.8,qb
781,02/07/2020 08:20:00,02/07/2020 08:25:00,02/07/2020,5.0,0.2,qb
782,02/07/2020 12:25:00,02/07/2020 12:25:00,02/07/2020,0.0,0.1,qb
783,02/11/2020 02:15:00,02/11/2020 12:10:00,02/11/2020,595.0,9.900000000000002,qb
784,02/11/2020 21:45:00,02/11/2020 23:35:00,02/11/2020,110.0,0.8999999999999999,qb
785,02/12/2020 03:25:00,02/12/2020 03:25:00,02/12/2020,0.0,0.2,qb
786,02/13/2020 16:40:00,02/13/2020 21:00:00,02/13/2020,260.0,4.1,qb
787,02/14/2020 01:40:00,02/14/2020 01:40:00,02/14/2020,0.0,0.1,qb
788,02/14/2020 07:50:00,02/14/2020 07:50:00,02/14/2020,0.0,0.1,qb
789,02/14/2020 19:40:00,02/14/2020 22:45:00,02/14/2020,185.0,1.3000000000000005,qb
790,02/15/2020 09:10:00,02/15/2020 12:30:00,02/15/2020,200.0,1.1,qb
791,02/15/2020 16:20:00,02/16/2020 03:15:00,02/15/2020,655.0,13.900000000000002,qb
792,02/16/2020 09:40:00,02/16/2020 11:10:00,02/16/2020,90.0,0.5,qb
793,02/26/2020 12:15:00,02/26/2020 12:15:00,02/26/2020,0.0,0.1,qb
794,02/29/2020 00:15:00,02/29/2020 00:15:00,02/29/2020,0.0,0.1,qb
795,02/29/2020 02:50:00,02/29/2020 10:30:00,02/29/2020,460.0,5.4,qb
796,02/29/2020 22:00:00,03/01/2020 01:45:00,02/29/2020,225.0,2.1,qb
797,03/06/2020 21:30:00,03/06/2020 21:45:00,03/06/2020,15.0,0.4,qb
798,03/08/2020 23:35:00,03/09/2020 10:55:00,03/08/2020,680.0,17.90000000000001,qb
799,03/09/2020 19:40:00,03/09/2020 19:40:00,03/09/2020,0.0,0.1,qb
800,03/09/2020 23:30:00,03/10/2020 02:35:00,03/09/2020,185.0,1.6000000000000003,qb
801,03/10/2020 09:25:00,03/10/2020 09:25:00,03/10/2020,0.0,0.1,qb
802,03/12/2020 17:50:00,03/13/2020 00:35:00,03/12/2020,405.0,3.3000000000000007,qb
803,03/13/2020 06:55:00,03/13/2020 08:35:00,03/13/2020,100.0,0.2,qb
804,03/17/2020 10:25:00,03/17/2020 10:25:00,03/17/2020,0.0,0.1,qb
805,03/21/2020 18:30:00,03/22/2020 03:15:00,03/21/2020,525.0,14.9,qb
806,03/22/2020 07:00:00,03/22/2020 07:00:00,03/22/2020,0.0,0.1,qb
807,03/22/2020 14:55:00,03/22/2020 14:55:00,03/22/2020,0.0,0.1,qb
808,03/25/2020 20:20:00,03/25/2020 22:00:00,03/25/2020,100.0,11.999999999999998,qb
809,03/26/2020 11:00:00,03/26/2020 13:40:00,03/26/2020,160.0,3.8,qb
810,03/26/2020 20:55:00,03/26/2020 22:35:00,03/26/2020,100.0,5.300000000000001,qb
811,03/27/2020 01:05:00,03/27/2020 02:20:00,03/27/2020,75.0,1.2000000000000002,qb
812,03/27/2020 21:25:00,03/28/2020 12:50:00,03/27/2020,925.0,22.7,qb
813,03/29/2020 12:00:00,03/30/2020 06:45:00,03/29/2020,1125.0,19.0,qb
814,03/30/2020 09:30:00,03/30/2020 09:30:00,03/30/2020,0.0,0.1,qb
815,03/31/2020 11:20:00,03/31/2020 11:20:00,03/31/2020,0.0,0.1,qb
816,03/31/2020 13:40:00,03/31/2020 18:55:00,03/31/2020,315.0,2.5000000000000004,qb
817,04/11/2020 05:00:00,04/11/2020 05:45:00,04/11/2020,45.0,0.6,qb
818,04/11/2020 07:50:00,04/11/2020 09:55:00,04/11/2020,125.0,0.3,qb
819,04/11/2020 12:20:00,04/11/2020 16:40:00,04/11/2020,260.0,1.8000000000000005,qb
820,04/12/2020 18:45:00,04/12/2020 20:00:00,04/12/2020,75.0,4.8,qb
821,04/18/2020 21:50:00,04/19/2020 01:05:00,04/18/2020,195.0,2.2,qb
822,04/19/2020 03:45:00,04/19/2020 08:50:00,04/19/2020,305.0,20.000000000000004,qb
823,04/20/2020 21:00:00,04/21/2020 05:00:00,04/20/2020,480.0,5.0,qb
824,05/01/2020 04:00:00,05/01/2020 06:05:00,05/01/2020,125.0,1.3000000000000005,qb
825,05/01/2020 08:45:00,05/01/2020 08:55:00,05/01/2020,10.0,0.6000000000000001,qb
826,05/01/2020 16:25:00,05/01/2020 17:00:00,05/01/2020,35.0,0.2,qb
827,05/01/2020 20:50:00,05/01/2020 20:50:00,05/01/2020,0.0,0.1,qb
828,05/01/2020 22:55:00,05/02/2020 04:55:00,05/01/2020,360.0,7.1,qb
829,05/05/2020 11:35:00,05/05/2020 13:25:00,05/05/2020,110.0,4.6,qb
830,05/08/2020 23:15:00,05/09/2020 01:00:00,05/08/2020,105.0,2.3,qb
831,05/10/2020 03:15:00,05/10/2020 04:25:00,05/10/2020,70.0,4.499999999999998,qb
832,05/14/2020 19:20:00,05/15/2020 03:45:00,05/14/2020,505.0,4.8,qb
833,05/15/2020 06:30:00,05/15/2020 06:30:00,05/15/2020,0.0,0.1,qb
834,05/15/2020 18:25:00,05/15/2020 20:00:00,05/15/2020,95.0,3.8,qb
835,05/25/2020 21:30:00,05/26/2020 08:10:00,05/25/2020,640.0,15.7,qb
836,05/26/2020 15:25:00,05/26/2020 15:25:00,05/26/2020,0.0,0.1,qb
837,05/29/2020 17:45:00,05/30/2020 18:15:00,05/29/2020,1470.0,27.40000000000001,qb
838,05/30/2020 21:15:00,05/30/2020 23:35:00,05/30/2020,140.0,0.4,qb
839,06/03/2020 03:35:00,06/03/2020 04:50:00,06/03/2020,75.0,0.3,qb
840,06/03/2020 14:30:00,06/03/2020 16:25:00,06/03/2020,115.0,5.4,qb
841,06/05/2020 04:45:00,06/05/2020 19:55:00,06/05/2020,910.0,57.1,qb
842,06/06/2020 01:50:00,06/06/2020 06:45:00,06/06/2020,295.0,5.199999999999999,qb
843,06/06/2020 12:10:00,06/06/2020 12:10:00,06/06/2020,0.0,0.1,qb
844,06/08/2020 23:15:00,06/09/2020 00:40:00,06/08/2020,85.0,0.4,qb
845,06/09/2020 06:35:00,06/09/2020 06:35:00,06/09/2020,0.0,0.1,qb
846,06/10/2020 09:55:00,06/10/2020 14:00:00,06/10/2020,245.0,0.7,qb
847,06/10/2020 21:20:00,06/10/2020 23:05:00,06/10/2020,105.0,6.3,qb
848,06/11/2020 14:15:00,06/11/2020 14:15:00,06/11/2020,0.0,0.1,qb
849,06/12/2020 19:35:00,06/12/2020 21:40:00,06/12/2020,125.0,16.200000000000003,qb
850,06/14/2020 19:20:00,06/14/2020 20:55:00,06/14/2020,95.0,1.3000000000000005,qb
851,06/14/2020 23:10:00,06/14/2020 23:10:00,06/14/2020,0.0,0.1,qb
852,06/15/2020 06:25:00,06/15/2020 16:05:00,06/15/2020,580.0,69.69999999999997,qb
853,06/15/2020 23:45:00,06/16/2020 00:50:00,06/15/2020,65.0,0.5,qb
854,06/16/2020 10:15:00,06/16/2020 13:10:00,06/16/2020,175.0,1.3,qb
855,06/16/2020 22:00:00,06/16/2020 22:30:00,06/16/2020,30.0,1.6000000000000003,qb
856,06/17/2020 10:15:00,06/17/2020 10:15:00,06/17/2020,0.0,0.1,qb
857,06/18/2020 17:40:00,06/18/2020 21:40:00,06/18/2020,240.0,4.799999999999999,qb
858,06/19/2020 19:50:00,06/19/2020 19:55:00,06/19/2020,5.0,0.5,qb
859,06/20/2020 06:45:00,06/20/2020 08:40:00,06/20/2020,115.0,0.3,qb
860,06/20/2020 19:10:00,06/20/2020 23:10:00,06/20/2020,240.0,2.2000000000000006,qb
861,06/21/2020 01:50:00,06/21/2020 11:30:00,06/21/2020,580.0,11.2,qb
862,06/21/2020 14:05:00,06/21/2020 20:00:00,06/21/2020,355.0,1.6000000000000003,qb
863,06/22/2020 15:40:00,06/22/2020 15:40:00,06/22/2020,0.0,0.1,qb
864,06/22/2020 22:05:00,06/22/2020 22:50:00,06/22/2020,45.0,1.8000000000000005,qb
865,06/23/2020 07:40:00,06/23/2020 07:40:00,06/23/2020,0.0,0.1,qb
866,06/23/2020 21:15:00,06/24/2020 01:40:00,06/23/2020,265.0,20.800000000000004,qb
867,06/24/2020 21:15:00,06/25/2020 13:35:00,06/24/2020,980.0,15.3,qb
868,06/27/2020 08:50:00,06/27/2020 13:05:00,06/27/2020,255.0,13.2,qb
869,06/27/2020 16:40:00,06/27/2020 16:55:00,06/27/2020,15.0,0.3,qb
870,06/27/2020 19:50:00,06/27/2020 20:40:00,06/27/2020,50.0,3.1,qb
871,06/28/2020 03:40:00,06/28/2020 09:40:00,06/28/2020,360.0,23.100000000000005,qb
872,06/28/2020 12:00:00,06/28/2020 14:20:00,06/28/2020,140.0,5.0,qb
873,06/28/2020 17:10:00,06/28/2020 17:10:00,06/28/2020,0.0,0.1,qb
874,06/29/2020 03:50:00,06/29/2020 09:35:00,06/29/2020,345.0,15.7,qb
875,06/29/2020 12:30:00,06/29/2020 12:30:00,06/29/2020,0.0,0.1,qb
876,07/02/2020 09:05:00,07/02/2020 09:05:00,07/02/2020,0.0,0.1,qb
877,07/02/2020 20:30:00,07/03/2020 04:05:00,07/02/2020,455.0,28.200000000000006,qb
878,07/03/2020 19:40:00,07/03/2020 19:40:00,07/03/2020,0.0,0.1,qb
879,07/05/2020 04:15:00,07/05/2020 05:55:00,07/05/2020,100.0,1.4000000000000004,qb
880,07/05/2020 08:35:00,07/05/2020 18:20:00,07/05/2020,585.0,14.8,qb
881,07/05/2020 21:30:00,07/05/2020 21:35:00,07/05/2020,5.0,0.5,qb
882,07/06/2020 03:30:00,07/06/2020 20:00:00,07/06/2020,990.0,81.0,qb
883,07/06/2020 23:25:00,07/07/2020 06:50:00,07/06/2020,445.0,13.6,qb
884,07/07/2020 10:50:00,07/07/2020 10:50:00,07/07/2020,0.0,0.1,qb
885,07/08/2020 12:00:00,07/08/2020 16:55:00,07/08/2020,295.0,81.80000000000001,qb
886,07/09/2020 01:20:00,07/09/2020 07:40:00,07/09/2020,380.0,4.899999999999998,qb
887,07/09/2020 10:50:00,07/09/2020 11:55:00,07/09/2020,65.0,10.8,qb
888,07/09/2020 14:25:00,07/09/2020 14:25:00,07/09/2020,0.0,0.1,qb
889,07/10/2020 16:25:00,07/10/2020 16:40:00,07/10/2020,15.0,0.3,qb
890,07/10/2020 19:20:00,07/10/2020 22:45:00,07/10/2020,205.0,1.2000000000000002,qb
891,07/11/2020 07:30:00,07/11/2020 13:20:00,07/11/2020,350.0,19.9,qb
892,07/13/2020 12:00:00,07/13/2020 17:05:00,07/13/2020,305.0,1.8000000000000005,qb
893,07/14/2020 02:40:00,07/14/2020 03:45:00,07/14/2020,65.0,0.2,qb
894,07/14/2020 23:45:00,07/16/2020 13:15:00,07/14/2020,2250.0,85.6,qb
895,07/16/2020 17:50:00,07/16/2020 17:50:00,07/16/2020,0.0,0.1,qb
896,07/17/2020 05:00:00,07/17/2020 07:25:00,07/17/2020,145.0,12.3,qb
897,07/17/2020 09:50:00,07/17/2020 12:30:00,07/17/2020,160.0,5.3,qb
898,07/19/2020 18:05:00,07/19/2020 18:10:00,07/19/2020,5.0,0.6,qb
899,07/20/2020 10:25:00,07/20/2020 13:30:00,07/20/2020,185.0,1.1,qb
900,07/20/2020 15:35:00,07/20/2020 16:00:00,07/20/2020,25.0,0.2,qb
901,07/20/2020 19:20:00,07/20/2020 19:35:00,07/20/2020,15.0,0.2,qb
902,07/21/2020 08:55:00,07/21/2020 08:55:00,07/21/2020,0.0,0.1,qb
903,07/24/2020 00:40:00,07/24/2020 01:10:00,07/24/2020,30.0,1.2000000000000002,qb
904,07/24/2020 17:25:00,07/24/2020 17:25:00,07/24/2020,0.0,0.1,qb
905,07/27/2020 20:05:00,07/27/2020 20:05:00,07/27/2020,0.0,0.1,qb
906,08/04/2020 09:00:00,08/04/2020 09:00:00,08/04/2020,0.0,0.1,qb
907,08/04/2020 19:05:00,08/05/2020 09:55:00,08/04/2020,890.0,123.0,qb
908,08/08/2020 23:25:00,08/08/2020 23:25:00,08/08/2020,0.0,0.1,qb
909,08/09/2020 01:30:00,08/09/2020 01:30:00,08/09/2020,0.0,0.1,qb
910,08/10/2020 16:40:00,08/10/2020 23:25:00,08/10/2020,405.0,25.500000000000004,qb
911,08/22/2020 11:10:00,08/22/2020 11:10:00,08/22/2020,0.0,0.2,qb
912,08/26/2020 07:55:00,08/26/2020 08:00:00,08/26/2020,5.0,0.5,qb
913,08/26/2020 13:45:00,08/26/2020 15:10:00,08/26/2020,85.0,19.4,qb
914,08/27/2020 23:25:00,08/28/2020 01:40:00,08/27/2020,135.0,10.6,qb
915,08/28/2020 08:50:00,08/28/2020 08:50:00,08/28/2020,0.0,0.1,qb
916,08/28/2020 14:20:00,08/29/2020 01:00:00,08/28/2020,640.0,16.60000000000001,qb
917,08/29/2020 03:20:00,08/29/2020 07:20:00,08/29/2020,240.0,26.300000000000004,qb
918,08/29/2020 13:40:00,08/29/2020 15:35:00,08/29/2020,115.0,3.3000000000000003,qb
919,08/30/2020 08:20:00,08/30/2020 08:20:00,08/30/2020,0.0,0.1,qb
920,09/01/2020 15:25:00,09/01/2020 15:25:00,09/01/2020,0.0,0.4,qb
921,09/02/2020 12:00:00,09/02/2020 13:40:00,09/02/2020,100.0,1.1,qb
922,09/09/2020 17:50:00,09/09/2020 18:05:00,09/09/2020,15.0,0.4,qb
923,09/10/2020 19:05:00,09/11/2020 02:50:00,09/10/2020,465.0,37.6,qb
924,09/11/2020 05:30:00,09/11/2020 09:50:00,09/11/2020,260.0,3.8000000000000007,qb
925,09/12/2020 14:00:00,09/12/2020 14:20:00,09/12/2020,20.0,1.0,qb
926,09/13/2020 20:35:00,09/13/2020 20:45:00,09/13/2020,10.0,0.6,qb
927,09/14/2020 13:55:00,09/14/2020 16:00:00,09/14/2020,125.0,2.6000000000000005,qb
928,09/15/2020 04:05:00,09/15/2020 20:25:00,09/15/2020,980.0,27.500000000000004,qb
929,09/15/2020 23:30:00,09/15/2020 23:30:00,09/15/2020,0.0,0.1,qb
930,09/16/2020 02:05:00,09/16/2020 06:20:00,09/16/2020,255.0,6.9,qb
931,09/16/2020 21:35:00,09/17/2020 06:30:00,09/16/2020,535.0,29.200000000000006,qb
932,09/17/2020 10:05:00,09/18/2020 03:35:00,09/17/2020,1050.0,41.50000000000001,qb
933,09/18/2020 10:30:00,09/18/2020 14:40:00,09/18/2020,250.0,4.0,qb
934,09/18/2020 18:30:00,09/18/2020 18:30:00,09/18/2020,0.0,0.1,qb
935,09/19/2020 08:45:00,09/19/2020 08:45:00,09/19/2020,0.0,0.1,qb
936,09/19/2020 16:30:00,09/19/2020 16:50:00,09/19/2020,20.0,0.4,qb
937,09/22/2020 07:50:00,09/22/2020 07:50:00,09/22/2020,0.0,0.1,qb
938,09/23/2020 05:20:00,09/23/2020 06:45:00,09/23/2020,85.0,3.4000000000000004,qb
939,09/23/2020 11:15:00,09/23/2020 13:10:00,09/23/2020,115.0,10.1,qb
940,10/03/2020 17:20:00,10/03/2020 17:20:00,10/03/2020,0.0,0.1,qb
941,10/03/2020 22:30:00,10/04/2020 08:45:00,10/03/2020,615.0,21.000000000000004,qb
942,10/04/2020 14:35:00,10/04/2020 15:35:00,10/04/2020,60.0,2.1,qb
943,10/04/2020 21:50:00,10/04/2020 23:25:00,10/04/2020,95.0,0.4,qb
944,10/15/2020 13:20:00,10/15/2020 13:20:00,10/15/2020,0.0,0.1,qb
945,10/15/2020 21:45:00,10/16/2020 02:55:00,10/15/2020,310.0,1.5000000000000004,qb
946,10/16/2020 05:20:00,10/16/2020 06:00:00,10/16/2020,40.0,0.2,qb
947,10/16/2020 09:15:00,10/16/2020 11:00:00,10/16/2020,105.0,0.8,qb
948,10/16/2020 13:45:00,10/16/2020 20:35:00,10/16/2020,410.0,2.2000000000000006,qb
949,10/21/2020 06:10:00,10/21/2020 06:45:00,10/21/2020,35.0,0.3,qb
950,10/21/2020 09:50:00,10/21/2020 10:00:00,10/21/2020,10.0,0.4,qb
951,10/21/2020 20:20:00,10/21/2020 20:55:00,10/21/2020,35.0,0.2,qb
952,11/01/2020 19:55:00,11/01/2020 20:45:00,11/01/2020,50.0,0.2,qb
953,11/02/2020 00:55:00,11/02/2020 04:35:00,11/02/2020,220.0,0.8,qb
954,11/19/2020 21:15:00,11/19/2020 21:25:00,11/19/2020,10.0,0.3,qb
955,11/20/2020 00:30:00,11/20/2020 01:00:00,11/20/2020,30.0,1.3000000000000005,qb
956,11/20/2020 10:55:00,11/20/2020 10:55:00,11/20/2020,0.0,0.1,qb
957,11/21/2020 23:10:00,11/22/2020 03:20:00,11/21/2020,250.0,1.1,qb
958,11/23/2020 20:55:00,11/24/2020 08:10:00,11/23/2020,675.0,2.1000000000000005,qb
959,11/24/2020 11:00:00,11/25/2020 04:45:00,11/24/2020,1065.0,8.399999999999999,qb
960,11/25/2020 07:45:00,11/25/2020 09:25:00,11/25/2020,100.0,0.2,qb
961,11/25/2020 12:15:00,11/26/2020 05:00:00,11/25/2020,1005.0,23.90000000000001,qb
962,11/26/2020 08:25:00,11/26/2020 09:50:00,11/26/2020,85.0,0.3,qb
963,11/26/2020 11:55:00,11/26/2020 13:50:00,11/26/2020,115.0,0.3,qb
964,11/26/2020 16:00:00,11/27/2020 00:25:00,11/26/2020,505.0,3.4000000000000004,qb
965,11/27/2020 03:30:00,11/27/2020 08:30:00,11/27/2020,300.0,1.1,qb
966,11/27/2020 13:50:00,11/27/2020 13:50:00,11/27/2020,0.0,0.1,qb
967,12/13/2020 22:35:00,12/14/2020 03:30:00,12/13/2020,295.0,2.8000000000000007,qb
968,12/18/2020 02:35:00,12/18/2020 06:20:00,12/18/2020,225.0,0.6,qb
969,12/23/2020 23:35:00,12/23/2020 23:35:00,12/23/2020,0.0,0.1,qb
970,12/29/2020 13:35:00,12/29/2020 23:00:00,12/29/2020,565.0,5.999999999999997,qb
971,01/04/2021 17:15:00,01/04/2021 17:30:00,01/04/2021,15.0,0.2,qb
972,01/22/2021 04:25:00,01/22/2021 07:50:00,01/22/2021,205.0,0.5,qb
973,01/22/2021 11:40:00,01/22/2021 13:25:00,01/22/2021,105.0,0.5,qb
974,01/22/2021 15:30:00,01/22/2021 22:20:00,01/22/2021,410.0,4.5,qb
975,01/23/2021 01:55:00,01/23/2021 01:55:00,01/23/2021,0.0,0.1,qb
976,01/23/2021 05:15:00,01/23/2021 06:40:00,01/23/2021,85.0,1.3,qb
977,01/23/2021 09:25:00,01/23/2021 13:00:00,01/23/2021,215.0,0.7,qb
978,01/24/2021 08:25:00,01/24/2021 08:25:00,01/24/2021,0.0,0.1,qb
979,01/25/2021 17:50:00,01/25/2021 18:20:00,01/25/2021,30.0,0.2,qb
980,01/25/2021 23:35:00,01/26/2021 06:55:00,01/25/2021,440.0,5.199999999999998,qb
981,01/26/2021 12:00:00,01/26/2021 13:10:00,01/26/2021,70.0,0.3,qb
982,01/26/2021 17:55:00,01/26/2021 19:35:00,01/26/2021,100.0,1.0,qb
983,02/01/2021 09:45:00,02/01/2021 10:25:00,02/01/2021,40.0,0.3,qb
984,02/01/2021 14:40:00,02/01/2021 18:30:00,02/01/2021,230.0,4.799999999999999,qb
985,02/05/2021 02:20:00,02/05/2021 08:30:00,02/05/2021,370.0,2.8000000000000007,qb
986,02/05/2021 16:00:00,02/05/2021 19:05:00,02/05/2021,185.0,1.5000000000000002,qb
987,02/11/2021 08:40:00,02/11/2021 22:20:00,02/11/2021,820.0,14.500000000000004,qb
988,02/25/2021 13:20:00,02/26/2021 17:30:00,02/25/2021,1690.0,19.6,qb
989,02/27/2021 10:30:00,02/27/2021 10:50:00,02/27/2021,20.0,0.2,qb
990,02/27/2021 18:10:00,02/27/2021 20:40:00,02/27/2021,150.0,0.7,qb
991,02/28/2021 00:00:00,02/28/2021 08:30:00,02/28/2021,510.0,2.4000000000000004,qb
992,03/01/2021 01:40:00,03/01/2021 02:00:00,03/01/2021,20.0,0.5,qb
993,03/01/2021 05:15:00,03/01/2021 07:35:00,03/01/2021,140.0,2.5000000000000004,qb
994,03/01/2021 10:35:00,03/01/2021 23:25:00,03/01/2021,770.0,8.099999999999998,qb
995,03/03/2021 22:30:00,03/04/2021 07:35:00,03/03/2021,545.0,6.299999999999999,qb
996,03/06/2021 05:00:00,03/06/2021 05:00:00,03/06/2021,0.0,0.1,qb
997,03/06/2021 07:40:00,03/06/2021 08:05:00,03/06/2021,25.0,0.2,qb
998,03/06/2021 21:15:00,03/06/2021 22:50:00,03/06/2021,95.0,0.4,qb
999,03/07/2021 00:55:00,03/07/2021 07:30:00,03/07/2021,395.0,5.8,qb
1000,03/07/2021 10:20:00,03/07/2021 10:40:00,03/07/2021,20.0,0.2,qb
1001,03/08/2021 18:30:00,03/08/2021 22:30:00,03/08/2021,240.0,2.2000000000000006,qb
1002,03/11/2021 04:35:00,03/11/2021 16:25:00,03/11/2021,710.0,13.1,qb
1003,03/15/2021 20:15:00,03/16/2021 08:25:00,03/15/2021,730.0,11.6,qb
1004,03/17/2021 03:35:00,03/17/2021 03:55:00,03/17/2021,20.0,0.2,qb
1005,03/17/2021 13:50:00,03/17/2021 14:40:00,03/17/2021,50.0,0.5,qb
1006,03/17/2021 18:00:00,03/17/2021 19:25:00,03/17/2021,85.0,0.3,qb
1007,03/18/2021 07:25:00,03/18/2021 07:25:00,03/18/2021,0.0,0.1,qb
1008,03/19/2021 11:30:00,03/19/2021 13:30:00,03/19/2021,120.0,2.1,qb
1009,03/20/2021 01:45:00,03/20/2021 05:20:00,03/20/2021,215.0,0.8,qb
1010,03/24/2021 07:15:00,03/24/2021 08:05:00,03/24/2021,50.0,0.3,qb
1011,03/27/2021 04:20:00,03/27/2021 07:40:00,03/27/2021,200.0,3.4000000000000004,qb
1012,03/27/2021 11:15:00,03/27/2021 11:15:00,03/27/2021,0.0,0.1,qb
1013,03/31/2021 04:15:00,03/31/2021 07:30:00,03/31/2021,195.0,2.6000000000000005,qb
1014,03/31/2021 21:35:00,03/31/2021 22:45:00,03/31/2021,70.0,2.3000000000000003,qb
1015,04/01/2021 01:35:00,04/01/2021 05:05:00,04/01/2021,210.0,2.8000000000000003,qb
1016,04/02/2021 03:55:00,04/02/2021 05:00:00,04/02/2021,65.0,0.7000000000000001,qb
1017,04/07/2021 16:40:00,04/08/2021 03:40:00,04/07/2021,660.0,3.6000000000000005,qb
1018,04/08/2021 06:20:00,04/08/2021 07:25:00,04/08/2021,65.0,0.7,qb
1019,04/11/2021 07:20:00,04/11/2021 07:20:00,04/11/2021,0.0,0.1,qb
1020,04/11/2021 10:20:00,04/12/2021 09:00:00,04/11/2021,1360.0,44.7,qb
1021,04/12/2021 12:55:00,04/12/2021 12:55:00,04/12/2021,0.0,0.1,qb
1022,04/22/2021 15:20:00,04/22/2021 15:45:00,04/22/2021,25.0,0.3,qb
1023,04/24/2021 08:10:00,04/24/2021 08:10:00,04/24/2021,0.0,0.1,qb
1024,04/24/2021 11:30:00,04/24/2021 11:50:00,04/24/2021,20.0,0.7,qb
1025,04/27/2021 04:30:00,04/27/2021 12:35:00,04/27/2021,485.0,3.2000000000000006,qb
1026,04/27/2021 15:00:00,04/27/2021 15:00:00,04/27/2021,0.0,0.1,qb
1027,04/27/2021 17:30:00,04/27/2021 20:45:00,04/27/2021,195.0,1.2000000000000002,qb
1028,05/04/2021 01:25:00,05/04/2021 04:40:00,05/04/2021,195.0,8.9,qb
1029,05/04/2021 06:50:00,05/04/2021 10:25:00,05/04/2021,215.0,2.1,qb
1030,05/04/2021 13:15:00,05/04/2021 14:05:00,05/04/2021,50.0,0.4,qb
1031,05/06/2021 21:25:00,05/06/2021 21:25:00,05/06/2021,0.0,0.1,qb
1032,05/11/2021 02:45:00,05/11/2021 06:50:00,05/11/2021,245.0,5.399999999999999,qb
1033,05/11/2021 15:20:00,05/11/2021 15:20:00,05/11/2021,0.0,0.1,qb
1034,05/11/2021 22:05:00,05/12/2021 00:10:00,05/11/2021,125.0,2.7000000000000006,qb
1035,05/12/2021 04:10:00,05/12/2021 06:05:00,05/12/2021,115.0,0.4,qb
1036,05/13/2021 07:30:00,05/13/2021 08:40:00,05/13/2021,70.0,1.6,qb
1037,05/14/2021 00:05:00,05/14/2021 01:55:00,05/14/2021,110.0,0.2,qb
1038,05/14/2021 10:05:00,05/14/2021 10:10:00,05/14/2021,5.0,1.0,qb
1039,05/14/2021 20:25:00,05/14/2021 22:40:00,05/14/2021,135.0,13.5,qb
1040,05/16/2021 02:30:00,05/16/2021 10:05:00,05/16/2021,455.0,44.8,qb
1041,05/16/2021 21:50:00,05/17/2021 04:00:00,05/16/2021,370.0,1.9,qb
1042,05/17/2021 06:20:00,05/17/2021 07:55:00,05/17/2021,95.0,0.4,qb
1043,05/18/2021 01:15:00,05/18/2021 01:50:00,05/18/2021,35.0,0.7,qb
1044,05/18/2021 23:50:00,05/18/2021 23:50:00,05/18/2021,0.0,0.1,qb
1045,05/19/2021 13:30:00,05/20/2021 01:55:00,05/19/2021,745.0,12.4,qb
1046,05/20/2021 04:00:00,05/20/2021 04:00:00,05/20/2021,0.0,0.1,qb
1047,05/23/2021 07:10:00,05/23/2021 19:35:00,05/23/2021,745.0,22.500000000000007,qb
1048,05/23/2021 21:45:00,05/23/2021 23:25:00,05/23/2021,100.0,0.5,qb
1049,05/24/2021 03:10:00,05/24/2021 03:10:00,05/24/2021,0.0,0.1,qb
1050,05/26/2021 09:30:00,05/26/2021 09:30:00,05/26/2021,0.0,0.1,qb
1051,05/26/2021 11:45:00,05/26/2021 21:30:00,05/26/2021,585.0,26.20000000000001,qb
1052,06/01/2021 16:20:00,06/01/2021 18:00:00,06/01/2021,100.0,0.4,qb
1053,06/01/2021 20:55:00,06/02/2021 02:30:00,06/01/2021,335.0,2.2,qb
1054,06/02/2021 07:05:00,06/02/2021 14:50:00,06/02/2021,465.0,4.4,qb
1055,06/03/2021 15:50:00,06/03/2021 18:25:00,06/03/2021,155.0,0.7999999999999999,qb
1056,06/04/2021 00:00:00,06/04/2021 03:05:00,06/04/2021,185.0,2.3000000000000003,qb
1057,06/09/2021 22:35:00,06/09/2021 22:35:00,06/09/2021,0.0,0.1,qb
1058,06/10/2021 08:45:00,06/10/2021 13:30:00,06/10/2021,285.0,2.2,qb
1059,06/10/2021 18:05:00,06/10/2021 23:00:00,06/10/2021,295.0,24.600000000000005,qb
1060,06/13/2021 04:15:00,06/13/2021 04:50:00,06/13/2021,35.0,0.2,qb
1061,06/13/2021 09:30:00,06/13/2021 09:50:00,06/13/2021,20.0,1.3000000000000005,qb
1062,06/13/2021 12:20:00,06/13/2021 14:10:00,06/13/2021,110.0,7.899999999999999,qb
1063,06/13/2021 16:20:00,06/13/2021 17:20:00,06/13/2021,60.0,1.2000000000000002,qb
1064,06/14/2021 09:00:00,06/14/2021 11:00:00,06/14/2021,120.0,0.8,qb
1065,06/15/2021 10:25:00,06/15/2021 10:25:00,06/15/2021,0.0,0.1,qb
1066,06/15/2021 18:05:00,06/15/2021 18:30:00,06/15/2021,25.0,4.0,qb
1067,06/17/2021 09:10:00,06/17/2021 15:35:00,06/17/2021,385.0,17.200000000000003,qb
1068,06/18/2021 08:20:00,06/18/2021 08:20:00,06/18/2021,0.0,0.2,qb
1069,06/18/2021 16:35:00,06/19/2021 04:40:00,06/18/2021,725.0,7.199999999999999,qb
1070,06/19/2021 08:30:00,06/19/2021 17:25:00,06/19/2021,535.0,11.2,qb
1071,06/26/2021 02:25:00,06/26/2021 06:15:00,06/26/2021,230.0,8.1,qb
1072,06/26/2021 10:20:00,06/26/2021 11:15:00,06/26/2021,55.0,0.5,qb
1073,06/26/2021 20:10:00,06/27/2021 08:25:00,06/26/2021,735.0,4.6,qb
1074,06/27/2021 14:05:00,06/27/2021 15:50:00,06/27/2021,105.0,2.3000000000000003,qb
1075,06/27/2021 19:20:00,06/27/2021 21:10:00,06/27/2021,110.0,0.2,qb
1076,06/28/2021 01:00:00,06/28/2021 01:00:00,06/28/2021,0.0,0.2,qb
1077,06/28/2021 07:45:00,06/28/2021 09:40:00,06/28/2021,115.0,0.9,qb
1078,07/01/2021 23:25:00,07/02/2021 01:30:00,07/01/2021,125.0,1.3000000000000005,qb
1079,07/02/2021 06:40:00,07/02/2021 08:45:00,07/02/2021,125.0,0.5,qb
1080,07/02/2021 11:40:00,07/02/2021 11:45:00,07/02/2021,5.0,0.5,qb
1081,07/02/2021 14:55:00,07/02/2021 17:20:00,07/02/2021,145.0,8.099999999999998,qb
1082,07/03/2021 07:15:00,07/03/2021 09:50:00,07/03/2021,155.0,1.1,qb
1083,07/03/2021 15:45:00,07/03/2021 17:00:00,07/03/2021,75.0,11.4,qb
1084,07/03/2021 19:30:00,07/03/2021 22:40:00,07/03/2021,190.0,5.499999999999998,qb
1085,07/04/2021 05:20:00,07/04/2021 05:20:00,07/04/2021,0.0,0.2,qb
1086,07/04/2021 07:40:00,07/04/2021 09:30:00,07/04/2021,110.0,0.4,qb
1087,07/05/2021 21:45:00,07/06/2021 00:20:00,07/05/2021,155.0,12.5,qb
1088,07/07/2021 18:35:00,07/07/2021 20:05:00,07/07/2021,90.0,13.4,qb
1089,07/08/2021 15:15:00,07/08/2021 22:35:00,07/08/2021,440.0,22.9,qb
1090,07/09/2021 04:45:00,07/09/2021 06:40:00,07/09/2021,115.0,4.199999999999999,qb
1091,07/10/2021 00:30:00,07/10/2021 02:10:00,07/10/2021,100.0,9.699999999999998,qb
1092,07/10/2021 15:55:00,07/10/2021 16:30:00,07/10/2021,35.0,2.6,qb
1093,07/10/2021 19:25:00,07/10/2021 20:45:00,07/10/2021,80.0,1.3000000000000005,qb
1094,07/11/2021 00:20:00,07/11/2021 00:20:00,07/11/2021,0.0,0.1,qb
1095,07/24/2021 03:30:00,07/24/2021 13:50:00,07/24/2021,620.0,36.00000000000001,qb
1096,07/24/2021 17:20:00,07/24/2021 17:20:00,07/24/2021,0.0,0.1,qb
1097,07/24/2021 21:15:00,07/28/2021 08:25:00,07/24/2021,4990.0,303.70000000000005,qb
1098,07/29/2021 14:40:00,07/29/2021 16:35:00,07/29/2021,115.0,16.099999999999998,qb
1099,07/31/2021 09:30:00,07/31/2021 11:00:00,07/31/2021,90.0,48.100000000000016,qb
1100,08/01/2021 08:05:00,08/01/2021 09:55:00,08/01/2021,110.0,1.8000000000000005,qb
1101,08/01/2021 14:50:00,08/01/2021 14:50:00,08/01/2021,0.0,0.1,qb
1102,08/02/2021 23:45:00,08/03/2021 03:05:00,08/02/2021,200.0,0.3,qb
1103,08/03/2021 11:35:00,08/03/2021 11:35:00,08/03/2021,0.0,0.1,qb
1104,08/03/2021 15:40:00,08/03/2021 15:55:00,08/03/2021,15.0,1.6,qb
1105,08/06/2021 15:10:00,08/06/2021 15:10:00,08/06/2021,0.0,1.2,qb
1106,08/06/2021 19:25:00,08/06/2021 19:25:00,08/06/2021,0.0,0.1,qb
1107,08/10/2021 00:05:00,08/10/2021 00:40:00,08/10/2021,35.0,0.2,qb
1108,08/10/2021 15:35:00,08/10/2021 19:00:00,08/10/2021,205.0,3.4000000000000004,qb
1109,08/11/2021 11:15:00,08/11/2021 13:50:00,08/11/2021,155.0,7.6,qb
1110,08/11/2021 19:20:00,08/12/2021 01:50:00,08/11/2021,390.0,9.9,qb
1111,08/12/2021 13:45:00,08/12/2021 14:45:00,08/12/2021,60.0,0.7999999999999999,qb
1112,08/13/2021 16:55:00,08/14/2021 11:30:00,08/13/2021,1115.0,50.8,qb
1113,08/14/2021 14:10:00,08/14/2021 21:40:00,08/14/2021,450.0,3.400000000000001,qb
1114,08/15/2021 01:15:00,08/15/2021 09:35:00,08/15/2021,500.0,57.60000000000001,qb
1115,08/15/2021 14:45:00,08/15/2021 21:10:00,08/15/2021,385.0,1.9,qb
1116,08/16/2021 12:30:00,08/17/2021 01:15:00,08/16/2021,765.0,15.299999999999995,qb
1117,08/21/2021 06:35:00,08/21/2021 06:35:00,08/21/2021,0.0,0.1,qb
1118,08/22/2021 13:00:00,08/22/2021 14:40:00,08/22/2021,100.0,8.0,qb
1119,08/24/2021 08:35:00,08/24/2021 08:35:00,08/24/2021,0.0,1.7,qb
1120,08/24/2021 21:00:00,08/24/2021 21:10:00,08/24/2021,10.0,0.3,qb
1121,08/25/2021 03:45:00,08/25/2021 05:55:00,08/25/2021,130.0,0.5,qb
1122,08/26/2021 22:20:00,08/26/2021 23:25:00,08/26/2021,65.0,47.2,qb
1123,09/01/2021 16:50:00,09/01/2021 16:55:00,09/01/2021,5.0,0.2,qb
1124,09/02/2021 14:40:00,09/02/2021 15:15:00,09/02/2021,35.0,0.9,qb
1125,09/03/2021 03:55:00,09/03/2021 06:45:00,09/03/2021,170.0,32.4,qb
1126,01/03/2016 06:05:00,01/03/2016 07:45:00,01/03/2016,100.0,0.8,hq2
1127,01/04/2016 14:10:00,01/04/2016 14:30:00,01/04/2016,20.0,0.2,hq2
1128,01/05/2016 00:50:00,01/05/2016 01:35:00,01/05/2016,45.0,0.2,hq2
1129,01/05/2016 04:15:00,01/05/2016 07:20:00,01/05/2016,185.0,8.600000000000001,hq2
1130,01/06/2016 04:35:00,01/06/2016 09:25:00,01/06/2016,290.0,1.6,hq2
1131,01/10/2016 20:15:00,01/11/2016 06:50:00,01/10/2016,635.0,5.199999999999999,hq2
1132,01/11/2016 10:40:00,01/11/2016 11:00:00,01/11/2016,20.0,0.3,hq2
1133,01/11/2016 14:10:00,01/11/2016 21:40:00,01/11/2016,450.0,2.3000000000000003,hq2
1134,01/16/2016 23:20:00,01/17/2016 09:35:00,01/16/2016,615.0,11.999999999999998,hq2
1135,01/20/2016 21:50:00,01/21/2016 19:25:00,01/20/2016,1295.0,7.799999999999998,hq2
1136,01/22/2016 12:45:00,01/23/2016 02:25:00,01/22/2016,820.0,5.699999999999998,hq2
1137,01/27/2016 10:50:00,01/27/2016 23:10:00,01/27/2016,740.0,6.799999999999998,hq2
1138,01/28/2016 04:15:00,01/28/2016 05:50:00,01/28/2016,95.0,0.6,hq2
1139,01/28/2016 10:00:00,01/28/2016 12:55:00,01/28/2016,175.0,3.300000000000001,hq2
1140,01/28/2016 15:30:00,01/29/2016 10:15:00,01/28/2016,1125.0,9.3,hq2
1141,01/29/2016 13:55:00,01/29/2016 14:40:00,01/29/2016,45.0,0.3,hq2
1142,01/31/2016 17:35:00,01/31/2016 18:15:00,01/31/2016,40.0,0.6,hq2
1143,01/31/2016 20:50:00,02/01/2016 02:45:00,01/31/2016,355.0,1.6,hq2
1144,02/11/2016 11:30:00,02/11/2016 11:30:00,02/11/2016,0.0,0.1,hq2
1145,02/13/2016 09:00:00,02/13/2016 10:05:00,02/13/2016,65.0,0.5,hq2
1146,02/14/2016 02:25:00,02/14/2016 02:45:00,02/14/2016,20.0,0.3,hq2
1147,02/14/2016 05:10:00,02/14/2016 09:35:00,02/14/2016,265.0,1.0,hq2
1148,02/21/2016 21:00:00,02/21/2016 21:15:00,02/21/2016,15.0,0.3,hq2
1149,02/22/2016 03:50:00,02/22/2016 16:25:00,02/22/2016,755.0,15.2,hq2
1150,04/12/2016 13:55:00,04/12/2016 13:55:00,04/12/2016,0.0,1.1,hq2
1151,04/20/2016 13:50:00,04/21/2016 07:40:00,04/20/2016,1070.0,26.3,hq2
1152,04/23/2016 04:40:00,04/23/2016 18:10:00,04/23/2016,810.0,25.5,hq2
1153,04/24/2016 01:10:00,04/24/2016 01:25:00,04/24/2016,15.0,0.3,hq2
1154,04/24/2016 03:40:00,04/24/2016 03:50:00,04/24/2016,10.0,0.2,hq2
1155,04/24/2016 19:00:00,04/24/2016 19:15:00,04/24/2016,15.0,0.2,hq2
1156,04/24/2016 21:20:00,04/24/2016 23:00:00,04/24/2016,100.0,0.4,hq2
1157,04/25/2016 03:25:00,04/25/2016 07:55:00,04/25/2016,270.0,1.2,hq2
1158,04/25/2016 12:25:00,04/25/2016 13:05:00,04/25/2016,40.0,0.2,hq2
1159,04/26/2016 06:55:00,04/26/2016 09:20:00,04/26/2016,145.0,4.999999999999999,hq2
1160,04/26/2016 18:35:00,04/26/2016 19:40:00,04/26/2016,65.0,0.2,hq2
1161,04/26/2016 21:55:00,04/27/2016 01:15:00,04/26/2016,200.0,0.6,hq2
1162,05/02/2016 10:40:00,05/02/2016 11:25:00,05/02/2016,45.0,1.9,hq2
1163,05/02/2016 15:20:00,05/02/2016 16:25:00,05/02/2016,65.0,0.2,hq2
1164,05/02/2016 19:55:00,05/03/2016 00:30:00,05/02/2016,275.0,20.100000000000005,hq2
1165,05/05/2016 12:35:00,05/05/2016 12:35:00,05/05/2016,0.0,0.1,hq2
1166,05/05/2016 15:05:00,05/05/2016 16:45:00,05/05/2016,100.0,1.6,hq2
1167,05/05/2016 20:15:00,05/05/2016 22:05:00,05/05/2016,110.0,3.6000000000000005,hq2
1168,05/06/2016 07:50:00,05/06/2016 08:50:00,05/06/2016,60.0,0.5,hq2
1169,05/07/2016 15:30:00,05/07/2016 18:45:00,05/07/2016,195.0,4.1,hq2
1170,05/08/2016 13:35:00,05/08/2016 13:35:00,05/08/2016,0.0,0.1,hq2
1171,05/08/2016 18:20:00,05/08/2016 18:20:00,05/08/2016,0.0,0.1,hq2
1172,05/09/2016 12:25:00,05/10/2016 06:55:00,05/09/2016,1110.0,18.000000000000007,hq2
1173,05/20/2016 11:25:00,05/20/2016 18:50:00,05/20/2016,445.0,3.6000000000000005,hq2
1174,05/20/2016 22:20:00,05/21/2016 18:25:00,05/20/2016,1205.0,16.700000000000006,hq2
1175,05/22/2016 09:05:00,05/22/2016 09:05:00,05/22/2016,0.0,0.1,hq2
1176,05/24/2016 06:00:00,05/24/2016 07:30:00,05/24/2016,90.0,0.8,hq2
1177,05/26/2016 06:10:00,05/26/2016 06:25:00,05/26/2016,15.0,0.2,hq2
1178,05/26/2016 09:35:00,05/26/2016 09:45:00,05/26/2016,10.0,0.2,hq2
1179,05/26/2016 18:00:00,05/26/2016 18:20:00,05/26/2016,20.0,0.2,hq2
1180,05/26/2016 20:50:00,05/26/2016 22:55:00,05/26/2016,125.0,1.0,hq2
1181,05/27/2016 02:00:00,05/27/2016 12:50:00,05/27/2016,650.0,10.7,hq2
1182,05/28/2016 03:30:00,05/28/2016 05:45:00,05/28/2016,135.0,1.3000000000000005,hq2
1183,05/28/2016 07:55:00,05/29/2016 03:15:00,05/28/2016,1160.0,20.000000000000004,hq2
1184,05/29/2016 05:35:00,05/29/2016 11:55:00,05/29/2016,380.0,2.4000000000000004,hq2
1185,05/31/2016 19:35:00,05/31/2016 20:05:00,05/31/2016,30.0,0.7999999999999999,hq2
1186,05/31/2016 23:35:00,06/01/2016 01:10:00,05/31/2016,95.0,27.100000000000005,hq2
1187,06/01/2016 04:10:00,06/01/2016 07:25:00,06/01/2016,195.0,13.199999999999998,hq2
1188,06/03/2016 03:20:00,06/03/2016 03:35:00,06/03/2016,15.0,0.2,hq2
1189,06/03/2016 07:00:00,06/03/2016 23:55:00,06/03/2016,1015.0,19.80000000000001,hq2
1190,06/04/2016 02:55:00,06/04/2016 02:55:00,06/04/2016,0.0,0.1,hq2
1191,06/06/2016 21:40:00,06/06/2016 22:00:00,06/06/2016,20.0,0.2,hq2
1192,06/07/2016 17:40:00,06/07/2016 17:55:00,06/07/2016,15.0,0.5,hq2
1193,06/08/2016 09:40:00,06/08/2016 09:40:00,06/08/2016,0.0,0.1,hq2
1194,06/08/2016 17:00:00,06/08/2016 17:50:00,06/08/2016,50.0,1.5000000000000004,hq2
1195,06/09/2016 03:20:00,06/09/2016 04:05:00,06/09/2016,45.0,0.3,hq2
1196,06/12/2016 02:15:00,06/12/2016 22:15:00,06/12/2016,1200.0,70.30000000000001,hq2
1197,06/15/2016 18:20:00,06/15/2016 18:40:00,06/15/2016,20.0,0.3,hq2
1198,06/15/2016 21:20:00,06/16/2016 00:50:00,06/15/2016,210.0,6.799999999999999,hq2
1199,06/16/2016 10:55:00,06/16/2016 10:55:00,06/16/2016,0.0,0.1,hq2
1200,06/16/2016 16:15:00,06/16/2016 16:30:00,06/16/2016,15.0,1.2,hq2
1201,06/17/2016 09:15:00,06/17/2016 09:15:00,06/17/2016,0.0,0.1,hq2
1202,06/19/2016 21:15:00,06/19/2016 22:10:00,06/19/2016,55.0,0.5,hq2
1203,06/20/2016 01:05:00,06/20/2016 07:25:00,06/20/2016,380.0,41.49999999999999,hq2
1204,06/20/2016 09:40:00,06/20/2016 17:45:00,06/20/2016,485.0,12.7,hq2
1205,06/22/2016 02:20:00,06/22/2016 03:20:00,06/22/2016,60.0,2.8000000000000003,hq2
1206,06/22/2016 09:25:00,06/22/2016 16:05:00,06/22/2016,400.0,21.9,hq2
1207,06/25/2016 01:15:00,06/25/2016 01:45:00,06/25/2016,30.0,1.0,hq2
1208,06/25/2016 05:15:00,06/25/2016 14:15:00,06/25/2016,540.0,10.3,hq2
1209,06/27/2016 00:05:00,06/27/2016 06:35:00,06/27/2016,390.0,8.799999999999999,hq2
1210,06/27/2016 08:50:00,06/27/2016 08:50:00,06/27/2016,0.0,0.1,hq2
1211,06/27/2016 12:40:00,06/27/2016 17:25:00,06/27/2016,285.0,3.7000000000000006,hq2
1212,06/28/2016 04:00:00,06/28/2016 09:30:00,06/28/2016,330.0,19.1,hq2
1213,06/28/2016 14:50:00,06/28/2016 16:50:00,06/28/2016,120.0,13.8,hq2
1214,06/29/2016 00:40:00,06/29/2016 10:25:00,06/29/2016,585.0,10.0,hq2
1215,07/01/2016 02:25:00,07/01/2016 05:05:00,07/01/2016,160.0,1.0,hq2
1216,07/01/2016 09:35:00,07/01/2016 09:35:00,07/01/2016,0.0,0.1,hq2
1217,07/02/2016 03:10:00,07/02/2016 08:15:00,07/02/2016,305.0,10.2,hq2
1218,07/02/2016 16:25:00,07/02/2016 23:15:00,07/02/2016,410.0,31.90000000000001,hq2
1219,07/03/2016 03:55:00,07/03/2016 05:20:00,07/03/2016,85.0,0.7,hq2
1220,07/03/2016 09:00:00,07/03/2016 09:00:00,07/03/2016,0.0,0.1,hq2
1221,07/03/2016 13:45:00,07/03/2016 13:45:00,07/03/2016,0.0,0.1,hq2
1222,07/03/2016 16:55:00,07/03/2016 18:30:00,07/03/2016,95.0,0.6,hq2
1223,07/03/2016 23:05:00,07/03/2016 23:05:00,07/03/2016,0.0,0.1,hq2
1224,07/04/2016 03:20:00,07/04/2016 05:40:00,07/04/2016,140.0,0.6,hq2
1225,07/05/2016 14:45:00,07/05/2016 17:50:00,07/05/2016,185.0,6.000000000000001,hq2
1226,07/09/2016 10:35:00,07/09/2016 11:15:00,07/09/2016,40.0,0.2,hq2
1227,07/10/2016 02:55:00,07/10/2016 03:20:00,07/10/2016,25.0,0.7999999999999999,hq2
1228,07/10/2016 14:30:00,07/11/2016 09:25:00,07/10/2016,1135.0,7.6,hq2
1229,07/11/2016 13:50:00,07/11/2016 15:00:00,07/11/2016,70.0,0.3,hq2
1230,07/11/2016 17:20:00,07/11/2016 17:20:00,07/11/2016,0.0,0.1,hq2
1231,07/12/2016 06:15:00,07/12/2016 06:15:00,07/12/2016,0.0,0.1,hq2
1232,07/13/2016 18:45:00,07/13/2016 19:50:00,07/13/2016,65.0,2.6000000000000005,hq2
1233,07/13/2016 22:50:00,07/13/2016 23:40:00,07/13/2016,50.0,0.2,hq2
1234,07/14/2016 01:45:00,07/14/2016 02:10:00,07/14/2016,25.0,0.2,hq2
1235,07/14/2016 10:15:00,07/14/2016 14:45:00,07/14/2016,270.0,31.1,hq2
1236,07/15/2016 14:40:00,07/15/2016 14:55:00,07/15/2016,15.0,1.7000000000000002,hq2
1237,07/15/2016 17:05:00,07/15/2016 22:30:00,07/15/2016,325.0,6.0,hq2
1238,07/16/2016 04:00:00,07/16/2016 07:10:00,07/16/2016,190.0,13.4,hq2
1239,07/28/2016 15:00:00,07/28/2016 15:30:00,07/28/2016,30.0,5.6,hq2
1240,07/29/2016 13:25:00,07/29/2016 14:55:00,07/29/2016,90.0,39.8,hq2
1241,08/02/2016 18:35:00,08/02/2016 19:05:00,08/02/2016,30.0,3.5000000000000004,hq2
1242,08/02/2016 21:45:00,08/03/2016 05:15:00,08/02/2016,450.0,6.499999999999998,hq2
1243,08/03/2016 14:00:00,08/03/2016 14:05:00,08/03/2016,5.0,0.2,hq2
1244,08/03/2016 17:45:00,08/03/2016 19:25:00,08/03/2016,100.0,0.3,hq2
1245,08/03/2016 21:50:00,08/03/2016 22:30:00,08/03/2016,40.0,0.4,hq2
1246,08/04/2016 12:00:00,08/04/2016 14:25:00,08/04/2016,145.0,56.49999999999999,hq2
1247,08/09/2016 13:10:00,08/09/2016 13:20:00,08/09/2016,10.0,0.4,hq2
1248,08/09/2016 15:35:00,08/09/2016 18:55:00,08/09/2016,200.0,5.0,hq2
1249,08/10/2016 00:40:00,08/10/2016 00:45:00,08/10/2016,5.0,0.2,hq2
1250,08/10/2016 03:00:00,08/10/2016 03:25:00,08/10/2016,25.0,0.2,hq2
1251,08/10/2016 09:20:00,08/10/2016 09:20:00,08/10/2016,0.0,0.1,hq2
1252,08/19/2016 14:40:00,08/19/2016 16:20:00,08/19/2016,100.0,37.20000000000001,hq2
1253,08/26/2016 00:50:00,08/26/2016 02:10:00,08/26/2016,80.0,30.2,hq2
1254,09/02/2016 18:00:00,09/02/2016 18:20:00,09/02/2016,20.0,2.1,hq2
1255,09/06/2016 13:50:00,09/06/2016 14:10:00,09/06/2016,20.0,0.2,hq2
1256,09/07/2016 02:10:00,09/07/2016 10:15:00,09/07/2016,485.0,28.8,hq2
1257,09/07/2016 12:40:00,09/07/2016 16:15:00,09/07/2016,215.0,1.2000000000000002,hq2
1258,09/11/2016 11:10:00,09/11/2016 21:30:00,09/11/2016,620.0,4.999999999999998,hq2
1259,09/14/2016 02:05:00,09/14/2016 12:40:00,09/14/2016,635.0,26.0,hq2
1260,09/14/2016 14:45:00,09/14/2016 15:10:00,09/14/2016,25.0,0.8,hq2
1261,09/14/2016 18:20:00,09/15/2016 01:05:00,09/14/2016,405.0,1.2,hq2
1262,09/15/2016 03:10:00,09/16/2016 08:25:00,09/15/2016,1755.0,82.0,hq2
1263,09/16/2016 12:10:00,09/16/2016 12:10:00,09/16/2016,0.0,0.1,hq2
1264,09/16/2016 18:10:00,09/16/2016 19:50:00,09/16/2016,100.0,6.3,hq2
1265,09/21/2016 19:00:00,09/21/2016 19:35:00,09/21/2016,35.0,1.0,hq2
1266,09/28/2016 01:25:00,09/28/2016 02:10:00,09/28/2016,45.0,1.2000000000000002,hq2
1267,09/28/2016 08:05:00,09/28/2016 10:15:00,09/28/2016,130.0,14.5,hq2
1268,09/28/2016 21:05:00,09/28/2016 22:40:00,09/28/2016,95.0,0.2,hq2
1269,09/29/2016 07:35:00,09/30/2016 01:10:00,09/29/2016,1055.0,10.3,hq2
1270,09/30/2016 03:55:00,09/30/2016 06:30:00,09/30/2016,155.0,0.4,hq2
1271,10/02/2016 21:00:00,10/02/2016 22:45:00,10/02/2016,105.0,11.999999999999998,hq2
1272,10/03/2016 02:50:00,10/03/2016 05:35:00,10/03/2016,165.0,9.2,hq2
1273,10/03/2016 09:30:00,10/03/2016 09:30:00,10/03/2016,0.0,0.1,hq2
1274,10/06/2016 17:05:00,10/06/2016 19:15:00,10/06/2016,130.0,3.0000000000000004,hq2
1275,10/06/2016 23:45:00,10/07/2016 01:25:00,10/06/2016,100.0,1.1,hq2
1276,10/07/2016 20:45:00,10/07/2016 20:45:00,10/07/2016,0.0,0.1,hq2
1277,10/08/2016 00:45:00,10/08/2016 08:35:00,10/08/2016,470.0,20.700000000000003,hq2
1278,10/12/2016 04:55:00,10/12/2016 05:50:00,10/12/2016,55.0,0.7,hq2
1279,10/14/2016 02:35:00,10/14/2016 04:40:00,10/14/2016,125.0,0.5,hq2
1280,10/18/2016 16:35:00,10/18/2016 16:35:00,10/18/2016,0.0,0.2,hq2
1281,10/19/2016 07:20:00,10/19/2016 07:35:00,10/19/2016,15.0,0.2,hq2
1282,10/19/2016 10:50:00,10/19/2016 13:30:00,10/19/2016,160.0,0.3,hq2
1283,10/19/2016 17:35:00,10/19/2016 20:05:00,10/19/2016,150.0,0.7,hq2
1284,10/19/2016 23:00:00,10/20/2016 08:10:00,10/19/2016,550.0,3.3000000000000007,hq2
1285,10/20/2016 10:15:00,10/20/2016 16:45:00,10/20/2016,390.0,3.2000000000000006,hq2
1286,10/21/2016 00:40:00,10/21/2016 20:30:00,10/21/2016,1190.0,26.800000000000008,hq2
1287,10/21/2016 23:25:00,10/21/2016 23:45:00,10/21/2016,20.0,0.2,hq2
1288,10/22/2016 02:15:00,10/22/2016 12:45:00,10/22/2016,630.0,37.600000000000016,hq2
1289,10/22/2016 15:10:00,10/22/2016 22:55:00,10/22/2016,465.0,33.20000000000001,hq2
1290,10/23/2016 01:35:00,10/23/2016 02:25:00,10/23/2016,50.0,0.5,hq2
1291,10/23/2016 05:30:00,10/23/2016 06:05:00,10/23/2016,35.0,0.4,hq2
1292,10/25/2016 23:55:00,10/26/2016 10:10:00,10/25/2016,615.0,30.700000000000003,hq2
1293,10/26/2016 13:55:00,10/27/2016 05:10:00,10/26/2016,915.0,23.700000000000003,hq2
1294,10/27/2016 07:20:00,10/27/2016 07:20:00,10/27/2016,0.0,0.1,hq2
1295,10/27/2016 11:50:00,10/27/2016 13:50:00,10/27/2016,120.0,0.4,hq2
1296,10/28/2016 15:25:00,10/28/2016 15:25:00,10/28/2016,0.0,0.1,hq2
1297,10/29/2016 00:40:00,10/29/2016 00:40:00,10/29/2016,0.0,0.1,hq2
1298,10/29/2016 07:10:00,10/29/2016 07:10:00,10/29/2016,0.0,0.1,hq2
1299,10/31/2016 02:30:00,10/31/2016 09:35:00,10/31/2016,425.0,5.099999999999999,hq2
1300,11/01/2016 00:35:00,11/01/2016 02:00:00,11/01/2016,85.0,0.6,hq2
1301,11/07/2016 17:15:00,11/08/2016 09:20:00,11/07/2016,965.0,12.4,hq2
1302,11/13/2016 06:25:00,11/13/2016 06:45:00,11/13/2016,20.0,0.4,hq2
1303,11/13/2016 09:45:00,11/13/2016 10:40:00,11/13/2016,55.0,0.2,hq2
1304,11/14/2016 08:45:00,11/14/2016 08:45:00,11/14/2016,0.0,0.1,hq2
1305,11/16/2016 17:15:00,11/16/2016 18:05:00,11/16/2016,50.0,0.3,hq2
1306,11/17/2016 01:55:00,11/17/2016 14:40:00,11/17/2016,765.0,5.300000000000001,hq2
1307,11/19/2016 23:40:00,11/20/2016 04:15:00,11/19/2016,275.0,12.7,hq2
1308,11/20/2016 19:15:00,11/20/2016 19:15:00,11/20/2016,0.0,0.1,hq2
1309,11/21/2016 07:05:00,11/21/2016 07:40:00,11/21/2016,35.0,1.2000000000000002,hq2
1310,11/21/2016 12:30:00,11/21/2016 16:55:00,11/21/2016,265.0,6.699999999999998,hq2
1311,11/22/2016 04:00:00,11/22/2016 05:30:00,11/22/2016,90.0,0.6,hq2
1312,11/22/2016 10:50:00,11/22/2016 11:35:00,11/22/2016,45.0,0.3,hq2
1313,11/22/2016 15:35:00,11/22/2016 16:05:00,11/22/2016,30.0,0.2,hq2
1314,11/23/2016 01:05:00,11/23/2016 01:05:00,11/23/2016,0.0,0.1,hq2
1315,11/23/2016 07:30:00,11/23/2016 21:25:00,11/23/2016,835.0,4.699999999999999,hq2
1316,11/25/2016 23:45:00,11/26/2016 01:15:00,11/25/2016,90.0,0.4,hq2
1317,11/26/2016 03:30:00,11/26/2016 13:00:00,11/26/2016,570.0,11.8,hq2
1318,12/04/2016 01:30:00,12/04/2016 01:40:00,12/04/2016,10.0,0.2,hq2
1319,12/04/2016 04:05:00,12/04/2016 06:25:00,12/04/2016,140.0,0.4,hq2
1320,12/13/2016 07:40:00,12/13/2016 15:25:00,12/13/2016,465.0,4.999999999999999,hq2
1321,12/13/2016 17:40:00,12/13/2016 20:25:00,12/13/2016,165.0,0.5,hq2
1322,12/13/2016 23:00:00,12/13/2016 23:00:00,12/13/2016,0.0,0.1,hq2
1323,12/14/2016 06:45:00,12/14/2016 06:45:00,12/14/2016,0.0,0.1,hq2
1324,12/20/2016 04:55:00,12/20/2016 08:20:00,12/20/2016,205.0,2.8000000000000003,hq2
1325,12/20/2016 21:10:00,12/21/2016 01:50:00,12/20/2016,280.0,1.4,hq2
1326,12/21/2016 09:50:00,12/21/2016 13:10:00,12/21/2016,200.0,1.2000000000000002,hq2
1327,12/21/2016 19:50:00,12/21/2016 22:35:00,12/21/2016,165.0,2.4000000000000004,hq2
1328,12/25/2016 08:45:00,12/26/2016 09:30:00,12/25/2016,1485.0,28.9,hq2
1329,12/26/2016 12:00:00,12/26/2016 14:35:00,12/26/2016,155.0,1.3000000000000005,hq2
1330,01/07/2017 06:25:00,01/07/2017 07:25:00,01/07/2017,60.0,98.4,hq2
1331,01/12/2017 05:50:00,01/12/2017 06:25:00,01/12/2017,35.0,0.4,hq2
1332,01/18/2017 01:25:00,01/18/2017 06:40:00,01/18/2017,315.0,2.2000000000000006,hq2
1333,01/18/2017 10:25:00,01/18/2017 11:55:00,01/18/2017,90.0,0.4,hq2
1334,01/18/2017 17:00:00,01/18/2017 17:25:00,01/18/2017,25.0,0.2,hq2
1335,01/18/2017 19:45:00,01/18/2017 21:15:00,01/18/2017,90.0,0.5,hq2
1336,01/29/2017 22:25:00,01/30/2017 00:00:00,01/29/2017,95.0,0.4,hq2
1337,02/03/2017 09:25:00,02/03/2017 10:00:00,02/03/2017,35.0,0.6,hq2
1338,02/03/2017 19:35:00,02/04/2017 02:50:00,02/03/2017,435.0,3.7,hq2
1339,02/04/2017 06:55:00,02/04/2017 06:55:00,02/04/2017,0.0,0.1,hq2
1340,02/08/2017 01:30:00,02/08/2017 01:45:00,02/08/2017,15.0,0.2,hq2
1341,02/08/2017 06:15:00,02/08/2017 17:20:00,02/08/2017,665.0,4.5,hq2
1342,02/08/2017 23:25:00,02/09/2017 01:25:00,02/08/2017,120.0,0.2,hq2
1343,02/17/2017 22:10:00,02/17/2017 22:40:00,02/17/2017,30.0,0.5,hq2
1344,02/22/2017 01:45:00,02/22/2017 03:55:00,02/22/2017,130.0,6.699999999999999,hq2
1345,02/22/2017 06:10:00,02/22/2017 06:30:00,02/22/2017,20.0,0.2,hq2
1346,02/22/2017 11:30:00,02/22/2017 18:05:00,02/22/2017,395.0,2.4000000000000004,hq2
1347,03/01/2017 17:35:00,03/01/2017 18:00:00,03/01/2017,25.0,0.2,hq2
1348,03/04/2017 23:15:00,03/05/2017 06:55:00,03/04/2017,460.0,4.6,hq2
1349,03/05/2017 12:20:00,03/05/2017 12:20:00,03/05/2017,0.0,0.1,hq2
1350,03/12/2017 13:00:00,03/13/2017 02:55:00,03/12/2017,835.0,13.8,hq2
1351,03/13/2017 05:30:00,03/13/2017 19:40:00,03/13/2017,850.0,12.900000000000002,hq2
1352,03/19/2017 11:40:00,03/19/2017 16:15:00,03/19/2017,275.0,6.199999999999998,hq2
1353,03/20/2017 00:50:00,03/20/2017 06:20:00,03/20/2017,330.0,12.9,hq2
1354,03/20/2017 10:00:00,03/20/2017 11:20:00,03/20/2017,80.0,0.5,hq2
1355,03/20/2017 18:55:00,03/20/2017 21:25:00,03/20/2017,150.0,0.8,hq2
1356,03/22/2017 05:45:00,03/22/2017 18:10:00,03/22/2017,745.0,6.4,hq2
1357,03/22/2017 20:40:00,03/23/2017 00:55:00,03/22/2017,255.0,2.4000000000000004,hq2
1358,03/23/2017 04:40:00,03/23/2017 04:40:00,03/23/2017,0.0,0.1,hq2
1359,03/23/2017 07:40:00,03/23/2017 07:40:00,03/23/2017,0.0,0.1,hq2
1360,03/24/2017 16:15:00,03/24/2017 22:25:00,03/24/2017,370.0,4.6,hq2
1361,03/30/2017 11:10:00,03/30/2017 11:10:00,03/30/2017,0.0,0.1,hq2
1362,03/30/2017 13:35:00,03/31/2017 04:10:00,03/30/2017,875.0,18.300000000000004,hq2
1363,04/05/2017 04:25:00,04/05/2017 04:30:00,04/05/2017,5.0,0.2,hq2
1364,04/05/2017 07:25:00,04/05/2017 07:25:00,04/05/2017,0.0,0.1,hq2
1365,04/05/2017 18:35:00,04/05/2017 19:20:00,04/05/2017,45.0,0.4,hq2
1366,04/05/2017 22:50:00,04/05/2017 22:55:00,04/05/2017,5.0,0.3,hq2
1367,04/06/2017 14:15:00,04/06/2017 19:15:00,04/06/2017,300.0,1.7000000000000004,hq2
1368,04/07/2017 02:25:00,04/07/2017 09:25:00,04/07/2017,420.0,17.500000000000007,hq2
1369,04/07/2017 12:35:00,04/07/2017 12:35:00,04/07/2017,0.0,0.1,hq2
1370,04/07/2017 16:30:00,04/07/2017 17:00:00,04/07/2017,30.0,0.2,hq2
1371,04/08/2017 08:30:00,04/08/2017 08:30:00,04/08/2017,0.0,0.1,hq2
1372,04/09/2017 02:25:00,04/09/2017 09:15:00,04/09/2017,410.0,11.7,hq2
1373,04/09/2017 11:55:00,04/09/2017 13:15:00,04/09/2017,80.0,0.9,hq2
1374,04/09/2017 23:30:00,04/10/2017 10:20:00,04/09/2017,650.0,14.5,hq2
1375,04/10/2017 16:25:00,04/11/2017 01:30:00,04/10/2017,545.0,12.0,hq2
1376,04/17/2017 04:10:00,04/17/2017 05:25:00,04/17/2017,75.0,0.6,hq2
1377,04/17/2017 07:55:00,04/17/2017 09:25:00,04/17/2017,90.0,21.2,hq2
1378,04/19/2017 23:30:00,04/20/2017 03:55:00,04/19/2017,265.0,2.1000000000000005,hq2
1379,04/25/2017 19:00:00,04/26/2017 08:05:00,04/25/2017,785.0,14.7,hq2
1380,05/02/2017 05:40:00,05/02/2017 06:55:00,05/02/2017,75.0,0.6,hq2
1381,05/02/2017 09:10:00,05/02/2017 09:40:00,05/02/2017,30.0,0.8,hq2
1382,05/04/2017 07:50:00,05/04/2017 09:40:00,05/04/2017,110.0,1.6,hq2
1383,05/04/2017 13:05:00,05/04/2017 13:05:00,05/04/2017,0.0,0.1,hq2
1384,05/08/2017 08:35:00,05/08/2017 09:00:00,05/08/2017,25.0,0.5,hq2
1385,05/08/2017 18:00:00,05/08/2017 19:25:00,05/08/2017,85.0,0.2,hq2
1386,05/12/2017 00:45:00,05/12/2017 14:15:00,05/12/2017,810.0,18.200000000000003,hq2
1387,05/12/2017 19:00:00,05/12/2017 19:00:00,05/12/2017,0.0,0.1,hq2
1388,05/23/2017 11:25:00,05/23/2017 21:55:00,05/23/2017,630.0,19.00000000000001,hq2
1389,05/24/2017 02:20:00,05/24/2017 03:55:00,05/24/2017,95.0,0.3,hq2
1390,06/01/2017 14:45:00,06/01/2017 15:05:00,06/01/2017,20.0,1.0000000000000002,hq2
1391,06/05/2017 10:50:00,06/06/2017 00:05:00,06/05/2017,795.0,29.500000000000007,hq2
1392,06/06/2017 03:00:00,06/06/2017 04:10:00,06/06/2017,70.0,0.2,hq2
1393,06/06/2017 14:00:00,06/06/2017 14:00:00,06/06/2017,0.0,0.1,hq2
1394,06/10/2017 03:15:00,06/10/2017 12:10:00,06/10/2017,535.0,34.0,hq2
1395,06/10/2017 16:40:00,06/11/2017 00:35:00,06/10/2017,475.0,20.4,hq2
1396,06/12/2017 00:35:00,06/12/2017 00:35:00,06/12/2017,0.0,0.1,hq2
1397,06/12/2017 03:45:00,06/12/2017 10:05:00,06/12/2017,380.0,13.9,hq2
1398,06/12/2017 12:10:00,06/12/2017 12:10:00,06/12/2017,0.0,0.1,hq2
1399,06/13/2017 04:30:00,06/13/2017 06:45:00,06/13/2017,135.0,1.5000000000000002,hq2
1400,06/13/2017 09:00:00,06/13/2017 09:40:00,06/13/2017,40.0,0.4,hq2
1401,06/13/2017 11:55:00,06/13/2017 17:40:00,06/13/2017,345.0,14.8,hq2
1402,06/19/2017 10:25:00,06/20/2017 04:15:00,06/19/2017,1070.0,21.50000000000001,hq2
1403,06/20/2017 17:55:00,06/20/2017 19:50:00,06/20/2017,115.0,5.6000000000000005,hq2
1404,06/21/2017 12:00:00,06/21/2017 13:15:00,06/21/2017,75.0,1.1,hq2
1405,06/21/2017 22:00:00,06/21/2017 22:00:00,06/21/2017,0.0,0.1,hq2
1406,06/22/2017 02:10:00,06/22/2017 04:30:00,06/22/2017,140.0,5.0,hq2
1407,06/23/2017 14:10:00,06/23/2017 18:05:00,06/23/2017,235.0,1.7000000000000002,hq2
1408,06/23/2017 21:20:00,06/24/2017 00:20:00,06/23/2017,180.0,3.2,hq2
1409,06/24/2017 08:10:00,06/24/2017 10:45:00,06/24/2017,155.0,1.7000000000000002,hq2
1410,06/24/2017 14:35:00,06/24/2017 14:35:00,06/24/2017,0.0,5.3,hq2
1411,06/25/2017 08:35:00,06/25/2017 11:10:00,06/25/2017,155.0,1.6000000000000003,hq2
1412,06/25/2017 14:35:00,06/25/2017 14:35:00,06/25/2017,0.0,0.2,hq2
1413,06/25/2017 17:25:00,06/25/2017 18:00:00,06/25/2017,35.0,22.4,hq2
1414,06/27/2017 12:35:00,06/27/2017 13:05:00,06/27/2017,30.0,3.8000000000000007,hq2
1415,06/28/2017 23:55:00,06/28/2017 23:55:00,06/28/2017,0.0,0.1,hq2
1416,06/29/2017 22:25:00,06/29/2017 23:20:00,06/29/2017,55.0,1.4000000000000004,hq2
1417,06/30/2017 18:20:00,06/30/2017 19:40:00,06/30/2017,80.0,1.3000000000000005,hq2
1418,06/30/2017 23:15:00,06/30/2017 23:20:00,06/30/2017,5.0,3.5,hq2
1419,07/01/2017 20:05:00,07/01/2017 20:20:00,07/01/2017,15.0,0.4,hq2
1420,07/02/2017 22:15:00,07/03/2017 00:50:00,07/02/2017,155.0,2.6,hq2
1421,07/05/2017 17:25:00,07/05/2017 22:55:00,07/05/2017,330.0,55.7,hq2
1422,07/06/2017 04:35:00,07/06/2017 04:35:00,07/06/2017,0.0,0.1,hq2
1423,07/10/2017 16:10:00,07/10/2017 19:40:00,07/10/2017,210.0,2.7000000000000006,hq2
1424,07/22/2017 13:40:00,07/22/2017 14:00:00,07/22/2017,20.0,3.8,hq2
1425,07/24/2017 15:50:00,07/24/2017 16:05:00,07/24/2017,15.0,0.7,hq2
1426,07/29/2017 14:45:00,07/29/2017 15:50:00,07/29/2017,65.0,2.6,hq2
1427,07/30/2017 18:05:00,07/30/2017 19:05:00,07/30/2017,60.0,1.6000000000000003,hq2
1428,07/31/2017 20:20:00,07/31/2017 20:20:00,07/31/2017,0.0,0.1,hq2
1429,08/05/2017 12:25:00,08/05/2017 13:40:00,08/05/2017,75.0,19.700000000000006,hq2
1430,08/07/2017 22:00:00,08/08/2017 01:25:00,08/07/2017,205.0,25.3,hq2
1431,08/08/2017 13:50:00,08/08/2017 14:05:00,08/08/2017,15.0,1.9,hq2
1432,08/08/2017 19:35:00,08/08/2017 22:15:00,08/08/2017,160.0,8.8,hq2
1433,08/09/2017 08:45:00,08/09/2017 12:35:00,08/09/2017,230.0,20.4,hq2
1434,08/12/2017 10:30:00,08/12/2017 12:15:00,08/12/2017,105.0,0.5,hq2
1435,08/12/2017 20:35:00,08/12/2017 20:35:00,08/12/2017,0.0,0.1,hq2
1436,08/13/2017 21:55:00,08/14/2017 01:25:00,08/13/2017,210.0,27.700000000000006,hq2
1437,08/14/2017 03:40:00,08/14/2017 03:40:00,08/14/2017,0.0,0.1,hq2
1438,08/15/2017 01:30:00,08/15/2017 07:45:00,08/15/2017,375.0,4.2,hq2
1439,08/15/2017 23:10:00,08/15/2017 23:15:00,08/15/2017,5.0,0.2,hq2
1440,08/16/2017 07:45:00,08/16/2017 07:45:00,08/16/2017,0.0,0.1,hq2
1441,08/17/2017 21:25:00,08/18/2017 01:20:00,08/17/2017,235.0,5.5,hq2
1442,08/18/2017 08:35:00,08/18/2017 08:35:00,08/18/2017,0.0,0.1,hq2
1443,08/19/2017 23:15:00,08/19/2017 23:45:00,08/19/2017,30.0,5.1,hq2
1444,08/20/2017 03:10:00,08/20/2017 04:15:00,08/20/2017,65.0,13.7,hq2
1445,08/20/2017 13:50:00,08/20/2017 14:50:00,08/20/2017,60.0,2.5,hq2
1446,08/21/2017 13:35:00,08/21/2017 14:05:00,08/21/2017,30.0,7.7,hq2
1447,09/07/2017 07:30:00,09/07/2017 07:30:00,09/07/2017,0.0,0.1,hq2
1448,09/07/2017 11:10:00,09/07/2017 16:05:00,09/07/2017,295.0,4.499999999999999,hq2
1449,09/07/2017 20:15:00,09/07/2017 20:30:00,09/07/2017,15.0,0.3,hq2
1450,09/08/2017 05:15:00,09/08/2017 05:15:00,09/08/2017,0.0,0.1,hq2
1451,09/09/2017 09:50:00,09/09/2017 12:10:00,09/09/2017,140.0,3.3000000000000003,hq2
1452,09/09/2017 14:30:00,09/09/2017 14:30:00,09/09/2017,0.0,0.1,hq2
1453,09/10/2017 20:00:00,09/10/2017 20:00:00,09/10/2017,0.0,0.1,hq2
1454,09/11/2017 01:25:00,09/11/2017 02:00:00,09/11/2017,35.0,0.7999999999999999,hq2
1455,09/11/2017 05:35:00,09/11/2017 05:35:00,09/11/2017,0.0,0.1,hq2
1456,09/11/2017 11:20:00,09/11/2017 19:20:00,09/11/2017,480.0,9.4,hq2
1457,09/14/2017 21:15:00,09/14/2017 22:20:00,09/14/2017,65.0,0.5,hq2
1458,09/15/2017 02:30:00,09/15/2017 02:30:00,09/15/2017,0.0,0.1,hq2
1459,09/19/2017 23:20:00,09/20/2017 09:20:00,09/19/2017,600.0,3.7,hq2
1460,09/20/2017 11:55:00,09/21/2017 00:10:00,09/20/2017,735.0,23.60000000000001,hq2
1461,09/21/2017 03:30:00,09/21/2017 04:30:00,09/21/2017,60.0,0.4,hq2
1462,09/21/2017 11:20:00,09/21/2017 11:45:00,09/21/2017,25.0,0.3,hq2
1463,09/21/2017 13:55:00,09/21/2017 14:35:00,09/21/2017,40.0,0.3,hq2
1464,09/21/2017 18:05:00,09/21/2017 18:15:00,09/21/2017,10.0,0.2,hq2
1465,09/22/2017 07:10:00,09/22/2017 07:10:00,09/22/2017,0.0,0.1,hq2
1466,09/23/2017 03:40:00,09/23/2017 07:30:00,09/23/2017,230.0,0.5,hq2
1467,09/23/2017 09:50:00,09/23/2017 12:20:00,09/23/2017,150.0,2.2000000000000006,hq2
1468,09/23/2017 18:10:00,09/23/2017 18:10:00,09/23/2017,0.0,0.1,hq2
1469,09/23/2017 23:35:00,09/24/2017 23:30:00,09/23/2017,1435.0,37.8,hq2
1470,09/25/2017 02:05:00,09/25/2017 02:50:00,09/25/2017,45.0,17.0,hq2
1471,09/25/2017 08:30:00,09/25/2017 20:10:00,09/25/2017,700.0,77.39999999999999,hq2
1472,09/25/2017 22:45:00,09/26/2017 00:15:00,09/25/2017,90.0,5.900000000000001,hq2
1473,09/26/2017 02:25:00,09/26/2017 02:25:00,09/26/2017,0.0,0.1,hq2
1474,09/28/2017 08:05:00,09/28/2017 08:50:00,09/28/2017,45.0,0.7,hq2
1475,09/29/2017 22:45:00,09/30/2017 00:30:00,09/29/2017,105.0,0.6,hq2
1476,09/30/2017 02:55:00,09/30/2017 03:15:00,09/30/2017,20.0,0.2,hq2
1477,09/30/2017 06:00:00,09/30/2017 09:30:00,09/30/2017,210.0,1.3000000000000005,hq2
1478,09/30/2017 13:25:00,09/30/2017 20:00:00,09/30/2017,395.0,21.000000000000004,hq2
1479,10/01/2017 18:55:00,10/01/2017 19:55:00,10/01/2017,60.0,2.5000000000000004,hq2
1480,10/02/2017 14:35:00,10/02/2017 16:10:00,10/02/2017,95.0,5.4,hq2
1481,10/02/2017 18:20:00,10/02/2017 18:20:00,10/02/2017,0.0,0.2,hq2
1482,10/05/2017 09:45:00,10/05/2017 11:15:00,10/05/2017,90.0,0.6,hq2
1483,10/05/2017 15:15:00,10/05/2017 15:15:00,10/05/2017,0.0,0.1,hq2
1484,10/11/2017 00:20:00,10/11/2017 04:10:00,10/11/2017,230.0,26.1,hq2
1485,10/11/2017 06:25:00,10/11/2017 06:25:00,10/11/2017,0.0,0.1,hq2
1486,10/11/2017 09:05:00,10/11/2017 16:20:00,10/11/2017,435.0,4.4,hq2
1487,10/12/2017 04:55:00,10/12/2017 04:55:00,10/12/2017,0.0,0.1,hq2
1488,10/12/2017 17:30:00,10/12/2017 17:30:00,10/12/2017,0.0,0.1,hq2
1489,10/12/2017 21:10:00,10/12/2017 21:15:00,10/12/2017,5.0,0.2,hq2
1490,10/14/2017 16:20:00,10/14/2017 16:20:00,10/14/2017,0.0,0.1,hq2
1491,10/14/2017 20:55:00,10/14/2017 20:55:00,10/14/2017,0.0,0.2,hq2
1492,10/14/2017 23:15:00,10/14/2017 23:25:00,10/14/2017,10.0,0.2,hq2
1493,10/15/2017 02:00:00,10/15/2017 08:05:00,10/15/2017,365.0,2.8000000000000003,hq2
1494,10/15/2017 13:05:00,10/16/2017 23:45:00,10/15/2017,2080.0,30.90000000000001,hq2
1495,11/13/2017 17:15:00,11/13/2017 22:40:00,11/13/2017,325.0,9.2,hq2
1496,11/14/2017 00:55:00,11/14/2017 00:55:00,11/14/2017,0.0,0.1,hq2
1497,11/14/2017 05:50:00,11/14/2017 06:05:00,11/14/2017,15.0,0.2,hq2
1498,11/14/2017 10:15:00,11/14/2017 10:20:00,11/14/2017,5.0,0.3,hq2
1499,11/16/2017 04:05:00,11/16/2017 19:10:00,11/16/2017,905.0,7.799999999999998,hq2
1500,11/16/2017 22:10:00,11/17/2017 05:45:00,11/16/2017,455.0,11.2,hq2
1501,11/17/2017 16:10:00,11/18/2017 05:25:00,11/17/2017,795.0,15.4,hq2
1502,11/20/2017 01:10:00,11/20/2017 03:30:00,11/20/2017,140.0,2.0,hq2
1503,11/20/2017 05:40:00,11/20/2017 06:20:00,11/20/2017,40.0,0.2,hq2
1504,11/21/2017 12:25:00,11/21/2017 14:15:00,11/21/2017,110.0,0.5,hq2
1505,11/21/2017 19:35:00,11/22/2017 08:40:00,11/21/2017,785.0,14.900000000000002,hq2
1506,11/28/2017 13:55:00,11/28/2017 15:30:00,11/28/2017,95.0,0.5,hq2
1507,11/28/2017 17:45:00,11/28/2017 19:00:00,11/28/2017,75.0,0.2,hq2
1508,11/29/2017 01:05:00,11/29/2017 01:05:00,11/29/2017,0.0,0.1,hq2
1509,11/29/2017 10:30:00,11/29/2017 10:40:00,11/29/2017,10.0,0.3,hq2
1510,11/29/2017 22:05:00,11/29/2017 22:35:00,11/29/2017,30.0,0.3,hq2
1511,12/14/2017 03:00:00,12/14/2017 04:40:00,12/14/2017,100.0,1.0,hq2
1512,12/15/2017 09:00:00,12/15/2017 20:25:00,12/15/2017,685.0,7.199999999999999,hq2
1513,12/15/2017 22:35:00,12/15/2017 22:50:00,12/15/2017,15.0,0.2,hq2
1514,12/16/2017 01:05:00,12/16/2017 01:35:00,12/16/2017,30.0,0.2,hq2
1515,12/16/2017 07:15:00,12/16/2017 07:15:00,12/16/2017,0.0,0.1,hq2
1516,12/28/2017 09:05:00,12/28/2017 21:05:00,12/28/2017,720.0,9.999999999999996,hq2
1517,12/29/2017 00:25:00,12/29/2017 00:25:00,12/29/2017,0.0,0.1,hq2
1518,12/30/2017 04:40:00,12/30/2017 04:40:00,12/30/2017,0.0,0.1,hq2
1519,12/30/2017 08:10:00,12/30/2017 08:10:00,12/30/2017,0.0,0.1,hq2
1520,12/30/2017 13:45:00,12/30/2017 18:25:00,12/30/2017,280.0,0.8,hq2
1521,12/30/2017 23:20:00,12/30/2017 23:20:00,12/30/2017,0.0,0.1,hq2
1522,01/02/2018 21:50:00,01/03/2018 12:05:00,01/02/2018,855.0,7.499999999999998,hq2
1523,01/03/2018 15:00:00,01/05/2018 07:00:00,01/03/2018,2400.0,33.300000000000004,hq2
1524,01/06/2018 22:50:00,01/07/2018 17:10:00,01/06/2018,1100.0,8.2,hq2
1525,01/19/2018 12:20:00,01/19/2018 12:25:00,01/19/2018,5.0,0.2,hq2
1526,01/20/2018 13:05:00,01/20/2018 14:55:00,01/20/2018,110.0,0.5,hq2
1527,01/21/2018 15:35:00,01/22/2018 01:05:00,01/21/2018,570.0,12.8,hq2
1528,01/22/2018 04:15:00,01/22/2018 04:15:00,01/22/2018,0.0,0.1,hq2
1529,01/25/2018 08:00:00,01/25/2018 15:30:00,01/25/2018,450.0,6.399999999999999,hq2
1530,01/25/2018 18:05:00,01/25/2018 18:05:00,01/25/2018,0.0,0.1,hq2
1531,01/25/2018 21:35:00,01/25/2018 23:35:00,01/25/2018,120.0,0.3,hq2
1532,01/26/2018 03:40:00,01/26/2018 03:40:00,01/26/2018,0.0,0.1,hq2
1533,01/26/2018 10:25:00,01/26/2018 16:20:00,01/26/2018,355.0,4.6000000000000005,hq2
1534,01/27/2018 09:10:00,01/28/2018 10:00:00,01/27/2018,1490.0,17.0,hq2
1535,01/28/2018 15:25:00,01/28/2018 17:10:00,01/28/2018,105.0,0.2,hq2
1536,02/09/2018 22:05:00,02/10/2018 01:00:00,02/09/2018,175.0,0.3,hq2
1537,02/15/2018 07:45:00,02/15/2018 09:35:00,02/15/2018,110.0,0.2,hq2
1538,02/15/2018 22:40:00,02/16/2018 09:05:00,02/15/2018,625.0,4.499999999999999,hq2
1539,02/16/2018 21:15:00,02/16/2018 21:15:00,02/16/2018,0.0,0.1,hq2
1540,02/18/2018 07:30:00,02/18/2018 09:50:00,02/18/2018,140.0,0.5,hq2
1541,02/18/2018 18:55:00,02/19/2018 03:00:00,02/18/2018,485.0,5.099999999999998,hq2
1542,02/19/2018 08:20:00,02/19/2018 18:05:00,02/19/2018,585.0,6.1,hq2
1543,02/20/2018 14:40:00,02/21/2018 00:35:00,02/20/2018,595.0,13.2,hq2
1544,02/21/2018 18:20:00,02/21/2018 18:45:00,02/21/2018,25.0,0.2,hq2
1545,02/24/2018 19:30:00,02/25/2018 05:15:00,02/24/2018,585.0,17.700000000000006,hq2
1546,02/28/2018 05:15:00,02/28/2018 06:50:00,02/28/2018,95.0,1.1,hq2
1547,03/02/2018 03:25:00,03/02/2018 05:50:00,03/02/2018,145.0,2.0000000000000004,hq2
1548,03/02/2018 07:55:00,03/02/2018 07:55:00,03/02/2018,0.0,0.1,hq2
1549,03/03/2018 02:30:00,03/03/2018 06:15:00,03/03/2018,225.0,9.1,hq2
1550,03/04/2018 20:40:00,03/04/2018 22:30:00,03/04/2018,110.0,26.8,hq2
1551,03/05/2018 01:20:00,03/05/2018 08:15:00,03/05/2018,415.0,5.299999999999998,hq2
1552,03/07/2018 02:50:00,03/07/2018 05:25:00,03/07/2018,155.0,1.0,hq2
1553,03/07/2018 07:55:00,03/07/2018 07:55:00,03/07/2018,0.0,0.1,hq2
1554,03/07/2018 12:40:00,03/07/2018 15:05:00,03/07/2018,145.0,2.1,hq2
1555,03/07/2018 19:25:00,03/07/2018 20:00:00,03/07/2018,35.0,0.3,hq2
1556,03/08/2018 00:25:00,03/08/2018 00:25:00,03/08/2018,0.0,0.1,hq2
1557,03/15/2018 08:20:00,03/15/2018 09:25:00,03/15/2018,65.0,2.1,hq2
1558,03/15/2018 12:00:00,03/15/2018 12:00:00,03/15/2018,0.0,0.2,hq2
1559,03/15/2018 20:10:00,03/15/2018 20:45:00,03/15/2018,35.0,1.6,hq2
1560,03/16/2018 05:10:00,03/16/2018 06:05:00,03/16/2018,55.0,0.4,hq2
1561,03/18/2018 17:15:00,03/18/2018 18:30:00,03/18/2018,75.0,0.9,hq2
1562,03/18/2018 22:50:00,03/19/2018 02:15:00,03/18/2018,205.0,2.1,hq2
1563,03/20/2018 03:50:00,03/20/2018 04:15:00,03/20/2018,25.0,0.2,hq2
1564,03/20/2018 09:20:00,03/20/2018 14:05:00,03/20/2018,285.0,1.9,hq2
1565,03/20/2018 18:10:00,03/20/2018 23:55:00,03/20/2018,345.0,5.6,hq2
1566,03/21/2018 03:25:00,03/21/2018 10:00:00,03/21/2018,395.0,1.4000000000000004,hq2
1567,04/02/2018 10:25:00,04/02/2018 10:45:00,04/02/2018,20.0,0.4,hq2
1568,04/13/2018 15:55:00,04/13/2018 17:40:00,04/13/2018,105.0,19.60000000000001,hq2
1569,04/13/2018 21:50:00,04/14/2018 03:25:00,04/13/2018,335.0,7.899999999999999,hq2
1570,04/23/2018 03:35:00,04/23/2018 03:50:00,04/23/2018,15.0,0.5,hq2
1571,04/23/2018 12:35:00,04/23/2018 20:25:00,04/23/2018,470.0,83.49999999999997,hq2
1572,04/24/2018 02:25:00,04/24/2018 03:10:00,04/24/2018,45.0,0.2,hq2
1573,04/24/2018 06:45:00,04/24/2018 06:45:00,04/24/2018,0.0,0.1,hq2
1574,05/01/2018 20:35:00,05/01/2018 20:45:00,05/01/2018,10.0,0.7,hq2
1575,05/01/2018 23:15:00,05/02/2018 02:50:00,05/01/2018,215.0,3.9,hq2
1576,05/05/2018 10:50:00,05/05/2018 16:40:00,05/05/2018,350.0,3.5000000000000004,hq2
1577,05/05/2018 18:55:00,05/05/2018 21:15:00,05/05/2018,140.0,1.2000000000000002,hq2
1578,05/06/2018 06:30:00,05/06/2018 07:00:00,05/06/2018,30.0,0.2,hq2
1579,05/06/2018 09:35:00,05/06/2018 09:35:00,05/06/2018,0.0,0.2,hq2
1580,05/06/2018 17:40:00,05/06/2018 18:15:00,05/06/2018,35.0,0.2,hq2
1581,05/07/2018 19:20:00,05/08/2018 05:15:00,05/07/2018,595.0,4.799999999999999,hq2
1582,05/12/2018 19:50:00,05/12/2018 22:15:00,05/12/2018,145.0,3.2,hq2
1583,05/13/2018 00:35:00,05/13/2018 03:05:00,05/13/2018,150.0,0.4,hq2
1584,05/17/2018 20:55:00,05/17/2018 21:10:00,05/17/2018,15.0,0.6,hq2
1585,05/18/2018 19:45:00,05/18/2018 21:20:00,05/18/2018,95.0,1.0,hq2
1586,05/19/2018 07:25:00,05/19/2018 08:25:00,05/19/2018,60.0,1.4000000000000004,hq2
1587,05/19/2018 11:00:00,05/19/2018 16:25:00,05/19/2018,325.0,1.8000000000000005,hq2
1588,05/19/2018 21:05:00,05/19/2018 23:20:00,05/19/2018,135.0,1.0,hq2
1589,05/20/2018 01:40:00,05/20/2018 04:10:00,05/20/2018,150.0,0.6,hq2
1590,05/20/2018 08:55:00,05/20/2018 08:55:00,05/20/2018,0.0,0.2,hq2
1591,05/20/2018 12:35:00,05/20/2018 12:55:00,05/20/2018,20.0,0.2,hq2
1592,05/21/2018 19:25:00,05/21/2018 19:25:00,05/21/2018,0.0,0.1,hq2
1593,05/22/2018 09:35:00,05/22/2018 09:35:00,05/22/2018,0.0,0.1,hq2
1594,05/22/2018 15:10:00,05/22/2018 16:15:00,05/22/2018,65.0,3.9,hq2
1595,05/22/2018 20:25:00,05/22/2018 20:25:00,05/22/2018,0.0,0.1,hq2
1596,05/25/2018 03:05:00,05/25/2018 13:25:00,05/25/2018,620.0,24.1,hq2
1597,05/25/2018 17:05:00,05/25/2018 17:20:00,05/25/2018,15.0,2.6,hq2
1598,05/25/2018 19:50:00,05/26/2018 04:25:00,05/25/2018,515.0,52.00000000000001,hq2
1599,05/29/2018 08:45:00,05/29/2018 08:45:00,05/29/2018,0.0,0.1,hq2
1600,05/29/2018 11:30:00,05/29/2018 11:30:00,05/29/2018,0.0,0.1,hq2
1601,05/30/2018 23:30:00,05/30/2018 23:30:00,05/30/2018,0.0,0.1,hq2
1602,05/31/2018 05:40:00,05/31/2018 11:30:00,05/31/2018,350.0,7.499999999999999,hq2
1603,06/03/2018 03:40:00,06/03/2018 03:40:00,06/03/2018,0.0,0.1,hq2
1604,06/03/2018 06:40:00,06/03/2018 06:40:00,06/03/2018,0.0,0.1,hq2
1605,06/05/2018 00:05:00,06/05/2018 02:45:00,06/05/2018,160.0,0.6,hq2
1606,06/05/2018 05:20:00,06/05/2018 05:55:00,06/05/2018,35.0,0.4,hq2
1607,06/05/2018 19:30:00,06/05/2018 21:50:00,06/05/2018,140.0,0.4,hq2
1608,06/09/2018 18:30:00,06/09/2018 21:10:00,06/09/2018,160.0,1.1,hq2
1609,06/10/2018 02:55:00,06/10/2018 03:10:00,06/10/2018,15.0,0.3,hq2
1610,06/20/2018 06:15:00,06/20/2018 17:20:00,06/20/2018,665.0,23.500000000000004,hq2
1611,06/22/2018 13:05:00,06/22/2018 23:50:00,06/22/2018,645.0,13.199999999999996,hq2
1612,06/23/2018 14:15:00,06/23/2018 14:15:00,06/23/2018,0.0,0.1,hq2
1613,06/24/2018 20:35:00,06/24/2018 22:35:00,06/24/2018,120.0,4.9,hq2
1614,06/28/2018 17:50:00,06/28/2018 18:50:00,06/28/2018,60.0,7.6,hq2
1615,06/28/2018 21:40:00,06/28/2018 22:00:00,06/28/2018,20.0,1.1,hq2
1616,06/29/2018 00:20:00,06/29/2018 02:30:00,06/29/2018,130.0,3.3000000000000003,hq2
1617,06/29/2018 09:15:00,06/29/2018 11:10:00,06/29/2018,115.0,7.800000000000001,hq2
1618,06/30/2018 09:55:00,06/30/2018 13:05:00,06/30/2018,190.0,7.1000000000000005,hq2
1619,06/30/2018 22:30:00,07/01/2018 10:30:00,06/30/2018,720.0,7.699999999999999,hq2
1620,07/01/2018 13:00:00,07/01/2018 13:05:00,07/01/2018,5.0,0.2,hq2
1621,07/03/2018 14:35:00,07/03/2018 14:50:00,07/03/2018,15.0,2.0,hq2
1622,07/04/2018 14:10:00,07/04/2018 21:50:00,07/04/2018,460.0,46.70000000000001,hq2
1623,07/05/2018 02:30:00,07/05/2018 02:30:00,07/05/2018,0.0,0.1,hq2
1624,07/05/2018 09:45:00,07/05/2018 18:15:00,07/05/2018,510.0,20.6,hq2
1625,07/05/2018 23:30:00,07/05/2018 23:30:00,07/05/2018,0.0,0.1,hq2
1626,07/07/2018 01:15:00,07/07/2018 01:20:00,07/07/2018,5.0,0.2,hq2
1627,07/22/2018 04:00:00,07/22/2018 17:05:00,07/22/2018,785.0,15.6,hq2
1628,07/22/2018 20:35:00,07/22/2018 20:35:00,07/22/2018,0.0,0.1,hq2
1629,07/23/2018 19:15:00,07/23/2018 20:15:00,07/23/2018,60.0,1.3,hq2
1630,07/24/2018 01:05:00,07/24/2018 02:05:00,07/24/2018,60.0,0.3,hq2
1631,07/24/2018 17:10:00,07/24/2018 17:10:00,07/24/2018,0.0,0.1,hq2
1632,07/26/2018 12:10:00,07/26/2018 16:00:00,07/26/2018,230.0,13.7,hq2
1633,07/28/2018 16:10:00,07/28/2018 16:35:00,07/28/2018,25.0,1.3,hq2
1634,07/29/2018 23:10:00,07/29/2018 23:20:00,07/29/2018,10.0,0.2,hq2
1635,08/02/2018 22:20:00,08/03/2018 12:55:00,08/02/2018,875.0,41.6,hq2
1636,08/03/2018 16:50:00,08/03/2018 19:05:00,08/03/2018,135.0,0.7,hq2
1637,08/06/2018 14:35:00,08/06/2018 15:05:00,08/06/2018,30.0,6.5,hq2
1638,08/12/2018 06:20:00,08/12/2018 08:00:00,08/12/2018,100.0,0.7,hq2
1639,08/12/2018 10:05:00,08/12/2018 22:55:00,08/12/2018,770.0,53.49999999999999,hq2
1640,08/13/2018 02:40:00,08/13/2018 05:25:00,08/13/2018,165.0,1.3,hq2
1641,08/14/2018 15:40:00,08/14/2018 15:45:00,08/14/2018,5.0,0.2,hq2
1642,08/16/2018 10:15:00,08/16/2018 11:00:00,08/16/2018,45.0,1.0,hq2
1643,08/16/2018 13:30:00,08/16/2018 15:15:00,08/16/2018,105.0,5.0,hq2
1644,08/16/2018 17:20:00,08/17/2018 15:35:00,08/16/2018,1335.0,101.6,hq2
1645,08/19/2018 16:05:00,08/19/2018 16:15:00,08/19/2018,10.0,0.4,hq2
1646,08/20/2018 14:45:00,08/20/2018 14:45:00,08/20/2018,0.0,0.1,hq2
1647,08/21/2018 01:40:00,08/21/2018 02:20:00,08/21/2018,40.0,2.2,hq2
1648,08/21/2018 20:15:00,08/21/2018 20:15:00,08/21/2018,0.0,0.1,hq2
1649,08/25/2018 07:40:00,08/25/2018 17:10:00,08/25/2018,570.0,5.199999999999999,hq2
1650,08/26/2018 05:55:00,08/26/2018 13:40:00,08/26/2018,465.0,1.9,hq2
1651,09/01/2018 14:55:00,09/01/2018 17:50:00,09/01/2018,175.0,34.3,hq2
1652,09/02/2018 16:20:00,09/02/2018 16:50:00,09/02/2018,30.0,8.4,hq2
1653,09/02/2018 20:00:00,09/02/2018 20:00:00,09/02/2018,0.0,0.2,hq2
1654,09/03/2018 18:45:00,09/03/2018 18:55:00,09/03/2018,10.0,0.7999999999999999,hq2
1655,09/07/2018 02:20:00,09/07/2018 13:00:00,09/07/2018,640.0,6.499999999999999,hq2
1656,09/07/2018 15:10:00,09/07/2018 16:00:00,09/07/2018,50.0,2.7,hq2
1657,09/08/2018 07:25:00,09/08/2018 07:25:00,09/08/2018,0.0,0.1,hq2
1658,09/12/2018 01:35:00,09/12/2018 01:55:00,09/12/2018,20.0,0.7999999999999999,hq2
1659,09/12/2018 05:20:00,09/12/2018 06:40:00,09/12/2018,80.0,0.3,hq2
1660,09/12/2018 09:50:00,09/12/2018 09:50:00,09/12/2018,0.0,0.2,hq2
1661,09/16/2018 22:35:00,09/17/2018 11:45:00,09/16/2018,790.0,27.000000000000007,hq2
1662,09/18/2018 04:50:00,09/18/2018 05:25:00,09/18/2018,35.0,0.2,hq2
1663,09/20/2018 13:15:00,09/20/2018 13:25:00,09/20/2018,10.0,0.2,hq2
1664,09/20/2018 15:50:00,09/20/2018 19:45:00,09/20/2018,235.0,5.999999999999998,hq2
1665,09/20/2018 22:45:00,09/21/2018 00:40:00,09/20/2018,115.0,2.7000000000000006,hq2
1666,09/21/2018 08:15:00,09/21/2018 09:20:00,09/21/2018,65.0,1.1,hq2
1667,10/05/2018 04:30:00,10/05/2018 08:00:00,10/05/2018,210.0,2.900000000000001,hq2
1668,10/05/2018 11:45:00,10/05/2018 12:50:00,10/05/2018,65.0,0.6,hq2
1669,10/09/2018 04:55:00,10/09/2018 06:15:00,10/09/2018,80.0,0.4,hq2
1670,10/10/2018 00:00:00,10/10/2018 00:15:00,10/10/2018,15.0,0.2,hq2
1671,10/15/2018 18:45:00,10/16/2018 05:10:00,10/15/2018,625.0,15.300000000000002,hq2
1672,10/21/2018 20:05:00,10/21/2018 22:10:00,10/21/2018,125.0,1.5000000000000002,hq2
1673,10/22/2018 01:30:00,10/22/2018 03:30:00,10/22/2018,120.0,0.6,hq2
1674,10/22/2018 05:45:00,10/22/2018 16:25:00,10/22/2018,640.0,4.8,hq2
1675,10/22/2018 21:25:00,10/22/2018 21:25:00,10/22/2018,0.0,0.1,hq2
1676,11/05/2018 20:55:00,11/05/2018 23:50:00,11/05/2018,175.0,1.0,hq2
1677,11/06/2018 23:25:00,11/06/2018 23:25:00,11/06/2018,0.0,0.1,hq2
1678,11/07/2018 01:55:00,11/07/2018 03:55:00,11/07/2018,120.0,0.5,hq2
1679,11/07/2018 06:10:00,11/07/2018 13:20:00,11/07/2018,430.0,11.900000000000002,hq2
1680,11/07/2018 20:30:00,11/07/2018 21:40:00,11/07/2018,70.0,0.2,hq2
1681,11/08/2018 00:35:00,11/08/2018 07:10:00,11/08/2018,395.0,21.6,hq2
1682,11/08/2018 13:30:00,11/08/2018 13:50:00,11/08/2018,20.0,0.3,hq2
1683,11/11/2018 23:30:00,11/12/2018 03:40:00,11/11/2018,250.0,1.7000000000000002,hq2
1684,11/12/2018 07:25:00,11/12/2018 08:00:00,11/12/2018,35.0,0.7,hq2
1685,11/15/2018 13:15:00,11/15/2018 17:05:00,11/15/2018,230.0,2.900000000000001,hq2
1686,11/15/2018 20:15:00,11/15/2018 21:45:00,11/15/2018,90.0,0.7,hq2
1687,11/16/2018 06:05:00,11/16/2018 06:05:00,11/16/2018,0.0,0.2,hq2
1688,11/16/2018 10:30:00,11/16/2018 10:30:00,11/16/2018,0.0,0.1,hq2
1689,11/16/2018 14:50:00,11/16/2018 14:50:00,11/16/2018,0.0,0.1,hq2
1690,11/16/2018 22:30:00,11/16/2018 23:35:00,11/16/2018,65.0,0.7,hq2
1691,11/17/2018 22:20:00,11/18/2018 04:10:00,11/17/2018,350.0,5.899999999999999,hq2
1692,11/18/2018 09:40:00,11/18/2018 22:00:00,11/18/2018,740.0,11.4,hq2
1693,11/19/2018 00:50:00,11/19/2018 00:50:00,11/19/2018,0.0,0.1,hq2
1694,11/19/2018 11:25:00,11/19/2018 11:25:00,11/19/2018,0.0,0.1,hq2
1695,11/20/2018 22:15:00,11/21/2018 16:50:00,11/20/2018,1115.0,23.800000000000004,hq2
1696,11/21/2018 19:25:00,11/21/2018 20:15:00,11/21/2018,50.0,1.9000000000000004,hq2
1697,11/25/2018 16:00:00,11/25/2018 16:25:00,11/25/2018,25.0,0.2,hq2
1698,12/02/2018 12:40:00,12/02/2018 20:30:00,12/02/2018,470.0,9.0,hq2
1699,12/03/2018 03:25:00,12/03/2018 05:35:00,12/03/2018,130.0,1.3000000000000005,hq2
1700,12/03/2018 13:55:00,12/03/2018 18:35:00,12/03/2018,280.0,2.1,hq2
1701,12/04/2018 01:05:00,12/04/2018 03:50:00,12/04/2018,165.0,3.5000000000000004,hq2
1702,12/04/2018 06:15:00,12/04/2018 13:05:00,12/04/2018,410.0,1.6000000000000003,hq2
1703,12/04/2018 17:35:00,12/05/2018 00:45:00,12/04/2018,430.0,6.099999999999998,hq2
1704,12/05/2018 22:15:00,12/07/2018 03:40:00,12/05/2018,1765.0,34.50000000000001,hq2
1705,12/07/2018 08:55:00,12/07/2018 08:55:00,12/07/2018,0.0,0.1,hq2
1706,12/07/2018 14:00:00,12/07/2018 17:30:00,12/07/2018,210.0,2.7000000000000006,hq2
1707,12/07/2018 21:15:00,12/07/2018 23:50:00,12/07/2018,155.0,2.0,hq2
1708,12/08/2018 12:25:00,12/08/2018 13:05:00,12/08/2018,40.0,0.6,hq2
1709,12/09/2018 08:50:00,12/09/2018 10:20:00,12/09/2018,90.0,1.2000000000000002,hq2
1710,12/09/2018 16:15:00,12/09/2018 17:05:00,12/09/2018,50.0,0.2,hq2
1711,12/09/2018 21:05:00,12/10/2018 04:40:00,12/09/2018,455.0,4.599999999999999,hq2
1712,12/10/2018 06:55:00,12/10/2018 06:55:00,12/10/2018,0.0,0.1,hq2
1713,12/10/2018 17:25:00,12/11/2018 09:20:00,12/10/2018,955.0,14.9,hq2
1714,12/15/2018 18:25:00,12/16/2018 03:35:00,12/15/2018,550.0,7.899999999999999,hq2
1715,12/16/2018 06:10:00,12/16/2018 06:10:00,12/16/2018,0.0,0.1,hq2
1716,12/20/2018 03:05:00,12/20/2018 04:25:00,12/20/2018,80.0,0.2,hq2
1717,12/22/2018 01:20:00,12/22/2018 17:55:00,12/22/2018,995.0,9.399999999999997,hq2
1718,12/22/2018 21:35:00,12/23/2018 01:15:00,12/22/2018,220.0,1.3,hq2
1719,12/23/2018 03:45:00,12/23/2018 03:45:00,12/23/2018,0.0,0.1,hq2
1720,12/25/2018 21:30:00,12/26/2018 07:25:00,12/25/2018,595.0,6.9,hq2
1721,12/26/2018 09:40:00,12/26/2018 13:55:00,12/26/2018,255.0,2.3000000000000003,hq2
1722,12/26/2018 16:05:00,12/27/2018 01:00:00,12/26/2018,535.0,6.1999999999999975,hq2
1723,12/31/2018 07:55:00,12/31/2018 11:15:00,12/31/2018,200.0,2.5000000000000004,hq2
1724,01/04/2019 06:10:00,01/04/2019 13:20:00,01/04/2019,430.0,4.4,hq2
1725,01/04/2019 16:45:00,01/05/2019 02:15:00,01/04/2019,570.0,2.4000000000000004,hq2
1726,01/05/2019 04:20:00,01/05/2019 07:00:00,01/05/2019,160.0,0.5,hq2
1727,01/05/2019 10:05:00,01/05/2019 10:35:00,01/05/2019,30.0,0.2,hq2
1728,01/05/2019 19:15:00,01/05/2019 22:10:00,01/05/2019,175.0,2.1,hq2
1729,01/06/2019 01:00:00,01/06/2019 08:00:00,01/06/2019,420.0,1.3000000000000005,hq2
1730,01/07/2019 12:10:00,01/07/2019 21:40:00,01/07/2019,570.0,4.1,hq2
1731,01/08/2019 06:50:00,01/08/2019 06:50:00,01/08/2019,0.0,0.1,hq2
1732,01/09/2019 02:25:00,01/09/2019 03:40:00,01/09/2019,75.0,0.4,hq2
1733,01/09/2019 08:25:00,01/09/2019 09:00:00,01/09/2019,35.0,0.2,hq2
1734,01/09/2019 11:40:00,01/10/2019 08:15:00,01/09/2019,1235.0,5.699999999999998,hq2
1735,01/10/2019 19:50:00,01/11/2019 08:55:00,01/10/2019,785.0,9.799999999999995,hq2
1736,01/11/2019 11:45:00,01/12/2019 02:20:00,01/11/2019,875.0,7.899999999999997,hq2
1737,01/14/2019 22:10:00,01/15/2019 05:30:00,01/14/2019,440.0,4.5,hq2
1738,01/15/2019 08:15:00,01/15/2019 08:15:00,01/15/2019,0.0,0.2,hq2
1739,01/28/2019 22:20:00,01/29/2019 00:50:00,01/28/2019,150.0,0.4,hq2
1740,01/31/2019 04:30:00,01/31/2019 09:35:00,01/31/2019,305.0,6.199999999999999,hq2
1741,01/31/2019 11:55:00,01/31/2019 11:55:00,01/31/2019,0.0,0.1,hq2
1742,02/03/2019 17:55:00,02/03/2019 17:55:00,02/03/2019,0.0,0.1,hq2
1743,02/07/2019 03:50:00,02/07/2019 03:55:00,02/07/2019,5.0,0.2,hq2
1744,02/07/2019 08:05:00,02/07/2019 08:15:00,02/07/2019,10.0,0.4,hq2
1745,02/08/2019 01:00:00,02/08/2019 11:40:00,02/08/2019,640.0,6.099999999999997,hq2
1746,02/08/2019 21:05:00,02/09/2019 06:45:00,02/08/2019,580.0,7.999999999999999,hq2
1747,02/09/2019 19:15:00,02/09/2019 19:15:00,02/09/2019,0.0,0.1,hq2
1748,02/10/2019 07:25:00,02/10/2019 07:25:00,02/10/2019,0.0,0.1,hq2
1749,02/10/2019 13:40:00,02/10/2019 18:10:00,02/10/2019,270.0,1.2000000000000002,hq2
1750,02/12/2019 11:50:00,02/13/2019 03:05:00,02/12/2019,915.0,19.900000000000013,hq2
1751,02/13/2019 19:55:00,02/14/2019 05:00:00,02/13/2019,545.0,13.4,hq2
1752,02/14/2019 23:15:00,02/15/2019 23:45:00,02/14/2019,1470.0,22.1,hq2
1753,02/18/2019 00:25:00,02/18/2019 01:00:00,02/18/2019,35.0,0.3,hq2
1754,02/18/2019 03:15:00,02/18/2019 09:10:00,02/18/2019,355.0,3.5,hq2
1755,02/18/2019 11:20:00,02/19/2019 01:10:00,02/18/2019,830.0,14.500000000000002,hq2
1756,02/19/2019 03:55:00,02/19/2019 06:20:00,02/19/2019,145.0,1.1,hq2
1757,02/19/2019 20:05:00,02/19/2019 22:25:00,02/19/2019,140.0,2.7000000000000006,hq2
1758,02/20/2019 00:50:00,02/20/2019 08:20:00,02/20/2019,450.0,9.0,hq2
1759,02/20/2019 11:15:00,02/20/2019 11:45:00,02/20/2019,30.0,0.2,hq2
1760,02/20/2019 14:05:00,02/20/2019 23:05:00,02/20/2019,540.0,2.3000000000000007,hq2
1761,02/21/2019 05:00:00,02/21/2019 05:15:00,02/21/2019,15.0,0.3,hq2
1762,02/21/2019 13:50:00,02/22/2019 00:30:00,02/21/2019,640.0,4.0,hq2
1763,02/22/2019 05:35:00,02/22/2019 08:20:00,02/22/2019,165.0,5.200000000000001,hq2
1764,02/26/2019 19:50:00,02/26/2019 20:10:00,02/26/2019,20.0,0.6,hq2
1765,02/26/2019 22:55:00,02/26/2019 23:45:00,02/26/2019,50.0,0.2,hq2
1766,02/27/2019 12:40:00,02/27/2019 16:05:00,02/27/2019,205.0,4.3,hq2
1767,02/27/2019 18:25:00,02/27/2019 19:15:00,02/27/2019,50.0,0.4,hq2
1768,03/01/2019 14:20:00,03/01/2019 16:35:00,03/01/2019,135.0,0.6,hq2
1769,03/02/2019 04:15:00,03/02/2019 16:30:00,03/02/2019,735.0,7.699999999999999,hq2
1770,03/03/2019 09:00:00,03/03/2019 09:05:00,03/03/2019,5.0,0.2,hq2
1771,03/05/2019 13:00:00,03/06/2019 02:00:00,03/05/2019,780.0,7.199999999999998,hq2
1772,03/06/2019 05:25:00,03/06/2019 05:35:00,03/06/2019,10.0,0.2,hq2
1773,03/06/2019 13:30:00,03/06/2019 13:30:00,03/06/2019,0.0,0.1,hq2
1774,03/09/2019 01:50:00,03/09/2019 09:40:00,03/09/2019,470.0,8.499999999999998,hq2
1775,03/09/2019 13:15:00,03/09/2019 14:55:00,03/09/2019,100.0,0.3,hq2
1776,03/14/2019 05:50:00,03/14/2019 07:45:00,03/14/2019,115.0,1.4000000000000004,hq2
1777,03/18/2019 07:40:00,03/18/2019 09:15:00,03/18/2019,95.0,0.5,hq2
1778,03/20/2019 07:40:00,03/20/2019 09:05:00,03/20/2019,85.0,1.7000000000000002,hq2
1779,03/21/2019 17:50:00,03/21/2019 19:00:00,03/21/2019,70.0,1.3,hq2
1780,03/22/2019 09:15:00,03/22/2019 09:45:00,03/22/2019,30.0,2.2,hq2
1781,03/22/2019 12:30:00,03/22/2019 12:55:00,03/22/2019,25.0,9.5,hq2
1782,03/22/2019 15:35:00,03/22/2019 16:05:00,03/22/2019,30.0,0.6,hq2
1783,03/26/2019 17:35:00,03/26/2019 18:10:00,03/26/2019,35.0,10.0,hq2
1784,03/27/2019 17:00:00,03/27/2019 18:45:00,03/27/2019,105.0,7.5,hq2
1785,03/28/2019 10:40:00,03/28/2019 15:20:00,03/28/2019,280.0,12.4,hq2
1786,03/28/2019 18:30:00,03/28/2019 18:55:00,03/28/2019,25.0,0.9,hq2
1787,03/29/2019 09:35:00,03/29/2019 12:30:00,03/29/2019,175.0,20.3,hq2
1788,03/29/2019 17:40:00,03/29/2019 19:10:00,03/29/2019,90.0,4.1000000000000005,hq2
1789,03/30/2019 11:00:00,03/30/2019 14:10:00,03/30/2019,190.0,4.699999999999999,hq2
1790,03/30/2019 16:25:00,03/30/2019 16:35:00,03/30/2019,10.0,5.9,hq2
1791,04/01/2019 09:15:00,04/01/2019 09:20:00,04/01/2019,5.0,4.4,hq2
1792,04/01/2019 11:30:00,04/01/2019 11:55:00,04/01/2019,25.0,4.4,hq2
1793,04/01/2019 19:00:00,04/01/2019 20:30:00,04/01/2019,90.0,1.0,hq2
1794,04/09/2019 13:35:00,04/09/2019 17:50:00,04/09/2019,255.0,12.699999999999998,hq2
1795,04/11/2019 03:10:00,04/11/2019 09:00:00,04/11/2019,350.0,0.9,hq2
1796,04/21/2019 16:55:00,04/21/2019 20:55:00,04/21/2019,240.0,1.8,hq2
1797,04/21/2019 23:55:00,04/22/2019 02:10:00,04/21/2019,135.0,0.7,hq2
1798,04/22/2019 09:00:00,04/22/2019 12:10:00,04/22/2019,190.0,0.7,hq2
1799,04/22/2019 22:05:00,04/23/2019 09:15:00,04/22/2019,670.0,8.299999999999999,hq2
1800,04/24/2019 06:00:00,04/24/2019 06:00:00,04/24/2019,0.0,0.3,hq2
1801,04/28/2019 11:10:00,04/28/2019 11:10:00,04/28/2019,0.0,0.1,hq2
1802,04/29/2019 11:30:00,04/29/2019 16:35:00,04/29/2019,305.0,8.299999999999999,hq2
1803,04/30/2019 04:35:00,04/30/2019 04:35:00,04/30/2019,0.0,0.1,hq2
1804,04/30/2019 07:05:00,04/30/2019 10:25:00,04/30/2019,200.0,1.2000000000000002,hq2
1805,05/13/2019 13:20:00,05/13/2019 14:20:00,05/13/2019,60.0,1.0,hq2
1806,05/13/2019 18:35:00,05/13/2019 18:35:00,05/13/2019,0.0,0.1,hq2
1807,05/13/2019 21:40:00,05/13/2019 21:40:00,05/13/2019,0.0,0.1,hq2
1808,05/15/2019 17:10:00,05/15/2019 21:10:00,05/15/2019,240.0,0.5,hq2
1809,05/16/2019 03:55:00,05/16/2019 03:55:00,05/16/2019,0.0,0.1,hq2
1810,05/25/2019 20:55:00,05/25/2019 23:20:00,05/25/2019,145.0,3.400000000000001,hq2
1811,05/26/2019 02:10:00,05/26/2019 17:30:00,05/26/2019,920.0,38.10000000000001,hq2
1812,05/26/2019 21:55:00,05/26/2019 23:10:00,05/26/2019,75.0,0.4,hq2
1813,05/27/2019 06:35:00,05/27/2019 06:55:00,05/27/2019,20.0,0.6,hq2
1814,05/31/2019 01:00:00,05/31/2019 02:45:00,05/31/2019,105.0,3.6,hq2
1815,06/06/2019 12:45:00,06/06/2019 12:45:00,06/06/2019,0.0,0.1,hq2
1816,06/13/2019 13:45:00,06/13/2019 17:55:00,06/13/2019,250.0,2.8000000000000003,hq2
1817,06/13/2019 20:20:00,06/14/2019 03:40:00,06/13/2019,440.0,7.599999999999999,hq2
1818,06/14/2019 08:55:00,06/14/2019 08:55:00,06/14/2019,0.0,0.1,hq2
1819,06/14/2019 12:00:00,06/14/2019 12:00:00,06/14/2019,0.0,0.1,hq2
1820,06/18/2019 04:00:00,06/18/2019 22:10:00,06/18/2019,1090.0,50.50000000000001,hq2
1821,06/19/2019 02:25:00,06/19/2019 02:25:00,06/19/2019,0.0,0.1,hq2
1822,06/19/2019 04:35:00,06/19/2019 23:45:00,06/19/2019,1150.0,2.0000000000000004,hq2
1823,06/20/2019 02:20:00,06/20/2019 04:10:00,06/20/2019,110.0,0.3,hq2
1824,06/20/2019 06:40:00,06/20/2019 12:20:00,06/20/2019,340.0,1.1,hq2
1825,06/20/2019 14:25:00,06/21/2019 03:30:00,06/20/2019,785.0,37.2,hq2
1826,06/21/2019 06:30:00,06/21/2019 06:30:00,06/21/2019,0.0,0.1,hq2
1827,06/21/2019 15:25:00,06/21/2019 15:25:00,06/21/2019,0.0,0.1,hq2
1828,06/21/2019 22:45:00,06/21/2019 22:45:00,06/21/2019,0.0,0.1,hq2
1829,06/22/2019 03:25:00,06/22/2019 03:25:00,06/22/2019,0.0,0.1,hq2
1830,06/25/2019 14:30:00,06/25/2019 15:35:00,06/25/2019,65.0,1.4,hq2
1831,06/26/2019 02:50:00,06/26/2019 06:55:00,06/26/2019,245.0,28.4,hq2
1832,06/26/2019 13:05:00,06/26/2019 17:00:00,06/26/2019,235.0,1.0,hq2
1833,06/27/2019 00:25:00,06/27/2019 04:35:00,06/27/2019,250.0,1.3000000000000005,hq2
1834,06/29/2019 12:00:00,06/29/2019 17:25:00,06/29/2019,325.0,7.900000000000001,hq2
1835,06/30/2019 00:00:00,06/30/2019 12:10:00,06/30/2019,730.0,111.79999999999998,hq2
1836,07/01/2019 03:40:00,07/01/2019 06:25:00,07/01/2019,165.0,0.5,hq2
1837,07/01/2019 08:50:00,07/01/2019 10:05:00,07/01/2019,75.0,5.699999999999998,hq2
1838,07/01/2019 19:30:00,07/01/2019 19:35:00,07/01/2019,5.0,0.7,hq2
1839,07/02/2019 06:35:00,07/02/2019 06:35:00,07/02/2019,0.0,0.1,hq2
1840,07/07/2019 00:05:00,07/07/2019 03:40:00,07/07/2019,215.0,6.099999999999999,hq2
1841,07/09/2019 07:45:00,07/09/2019 13:40:00,07/09/2019,355.0,16.6,hq2
1842,07/09/2019 16:25:00,07/10/2019 09:00:00,07/09/2019,995.0,13.7,hq2
1843,07/10/2019 11:55:00,07/10/2019 12:05:00,07/10/2019,10.0,0.7000000000000001,hq2
1844,07/10/2019 15:00:00,07/10/2019 18:55:00,07/10/2019,235.0,1.6,hq2
1845,07/12/2019 10:30:00,07/13/2019 16:20:00,07/12/2019,1790.0,70.50000000000001,hq2
1846,07/13/2019 23:05:00,07/13/2019 23:05:00,07/13/2019,0.0,0.1,hq2
1847,07/16/2019 20:50:00,07/16/2019 20:50:00,07/16/2019,0.0,0.1,hq2
1848,07/19/2019 12:40:00,07/19/2019 13:05:00,07/19/2019,25.0,0.8999999999999999,hq2
1849,07/25/2019 14:45:00,07/25/2019 14:45:00,07/25/2019,0.0,4.1,hq2
1850,08/03/2019 14:30:00,08/03/2019 16:20:00,08/03/2019,110.0,1.6,hq2
1851,08/03/2019 19:10:00,08/03/2019 19:20:00,08/03/2019,10.0,0.2,hq2
1852,08/04/2019 00:50:00,08/04/2019 04:35:00,08/04/2019,225.0,26.3,hq2
1853,08/04/2019 07:25:00,08/04/2019 17:25:00,08/04/2019,600.0,8.599999999999998,hq2
1854,08/08/2019 08:30:00,08/08/2019 08:35:00,08/08/2019,5.0,0.2,hq2
1855,08/08/2019 19:00:00,08/08/2019 21:35:00,08/08/2019,155.0,0.6,hq2
1856,08/09/2019 11:15:00,08/09/2019 11:15:00,08/09/2019,0.0,0.1,hq2
1857,08/09/2019 16:00:00,08/11/2019 06:05:00,08/09/2019,2285.0,171.70000000000002,hq2
1858,08/13/2019 12:20:00,08/13/2019 14:45:00,08/13/2019,145.0,1.3,hq2
1859,08/14/2019 16:00:00,08/14/2019 16:05:00,08/14/2019,5.0,0.4,hq2
1860,08/18/2019 15:35:00,08/18/2019 18:50:00,08/18/2019,195.0,46.6,hq2
1861,08/23/2019 13:40:00,08/23/2019 15:45:00,08/23/2019,125.0,23.000000000000004,hq2
1862,08/25/2019 15:55:00,08/25/2019 16:05:00,08/25/2019,10.0,0.2,hq2
1863,08/26/2019 06:30:00,08/26/2019 06:35:00,08/26/2019,5.0,0.8999999999999999,hq2
1864,08/27/2019 20:05:00,08/27/2019 22:30:00,08/27/2019,145.0,7.8,hq2
1865,08/28/2019 03:30:00,08/28/2019 03:30:00,08/28/2019,0.0,0.2,hq2
1866,08/28/2019 08:35:00,08/28/2019 08:35:00,08/28/2019,0.0,0.1,hq2
1867,08/28/2019 20:25:00,08/29/2019 14:55:00,08/28/2019,1110.0,20.1,hq2
1868,08/29/2019 20:05:00,08/29/2019 20:05:00,08/29/2019,0.0,0.1,hq2
1869,08/30/2019 17:45:00,08/30/2019 20:05:00,08/30/2019,140.0,2.6,hq2
1870,08/31/2019 07:55:00,08/31/2019 07:55:00,08/31/2019,0.0,0.1,hq2
1871,08/31/2019 22:55:00,09/01/2019 16:30:00,08/31/2019,1055.0,62.6,hq2
1872,09/01/2019 19:35:00,09/02/2019 00:20:00,09/01/2019,285.0,2.900000000000001,hq2
1873,09/02/2019 03:40:00,09/03/2019 05:40:00,09/02/2019,1560.0,44.400000000000006,hq2
1874,09/03/2019 09:50:00,09/03/2019 13:15:00,09/03/2019,205.0,0.4,hq2
1875,09/03/2019 23:00:00,09/03/2019 23:00:00,09/03/2019,0.0,0.1,hq2
1876,09/04/2019 08:50:00,09/04/2019 09:25:00,09/04/2019,35.0,0.7,hq2
1877,09/04/2019 11:45:00,09/04/2019 13:55:00,09/04/2019,130.0,4.4,hq2
1878,09/05/2019 07:35:00,09/05/2019 08:25:00,09/05/2019,50.0,0.4,hq2
1879,09/05/2019 17:40:00,09/05/2019 18:05:00,09/05/2019,25.0,1.7000000000000002,hq2
1880,09/06/2019 01:35:00,09/06/2019 02:10:00,09/06/2019,35.0,6.6,hq2
1881,09/06/2019 07:10:00,09/06/2019 13:20:00,09/06/2019,370.0,22.500000000000007,hq2
1882,09/06/2019 16:15:00,09/06/2019 17:00:00,09/06/2019,45.0,1.4,hq2
1883,09/10/2019 16:15:00,09/10/2019 17:30:00,09/10/2019,75.0,0.7,hq2
1884,09/14/2019 23:50:00,09/15/2019 00:10:00,09/14/2019,20.0,0.2,hq2
1885,09/20/2019 11:45:00,09/20/2019 11:45:00,09/20/2019,0.0,0.1,hq2
1886,09/21/2019 05:45:00,09/21/2019 18:45:00,09/21/2019,780.0,14.5,hq2
1887,09/21/2019 21:35:00,09/21/2019 21:35:00,09/21/2019,0.0,0.1,hq2
1888,09/22/2019 01:25:00,09/22/2019 05:10:00,09/22/2019,225.0,2.7000000000000006,hq2
1889,09/22/2019 09:00:00,09/22/2019 09:40:00,09/22/2019,40.0,0.3,hq2
1890,09/22/2019 12:35:00,09/22/2019 15:40:00,09/22/2019,185.0,0.4,hq2
1891,10/01/2019 03:15:00,10/01/2019 03:55:00,10/01/2019,40.0,0.3,hq2
1892,10/01/2019 07:45:00,10/01/2019 10:15:00,10/01/2019,150.0,11.8,hq2
1893,10/01/2019 12:35:00,10/02/2019 11:05:00,10/01/2019,1350.0,83.69999999999999,hq2
1894,10/13/2019 20:05:00,10/13/2019 20:35:00,10/13/2019,30.0,0.7,hq2
1895,10/13/2019 23:25:00,10/13/2019 23:25:00,10/13/2019,0.0,0.1,hq2
1896,10/14/2019 15:20:00,10/14/2019 17:35:00,10/14/2019,135.0,2.3000000000000003,hq2
1897,11/13/2019 07:00:00,11/13/2019 09:20:00,11/13/2019,140.0,0.6,hq2
1898,11/18/2019 01:35:00,11/18/2019 02:20:00,11/18/2019,45.0,0.2,hq2
1899,11/18/2019 11:25:00,11/18/2019 11:25:00,11/18/2019,0.0,0.1,hq2
1900,11/24/2019 19:30:00,11/24/2019 19:30:00,11/24/2019,0.0,0.1,hq2
1901,11/25/2019 16:20:00,11/25/2019 17:05:00,11/25/2019,45.0,0.2,hq2
1902,11/26/2019 16:25:00,11/26/2019 19:00:00,11/26/2019,155.0,0.6,hq2
1903,11/27/2019 08:20:00,11/27/2019 08:40:00,11/27/2019,20.0,0.2,hq2
1904,11/27/2019 13:45:00,11/27/2019 22:40:00,11/27/2019,535.0,10.400000000000002,hq2
1905,11/28/2019 02:00:00,11/28/2019 02:00:00,11/28/2019,0.0,0.1,hq2
1906,11/30/2019 14:10:00,12/01/2019 07:05:00,11/30/2019,1015.0,18.9,hq2
1907,12/01/2019 10:15:00,12/01/2019 10:15:00,12/01/2019,0.0,0.1,hq2
1908,12/17/2019 14:35:00,12/17/2019 18:45:00,12/17/2019,250.0,4.899999999999999,hq2
1909,12/17/2019 23:15:00,12/18/2019 08:50:00,12/17/2019,575.0,4.599999999999999,hq2
1910,12/18/2019 15:35:00,12/18/2019 15:35:00,12/18/2019,0.0,0.1,hq2
1911,12/18/2019 18:55:00,12/18/2019 18:55:00,12/18/2019,0.0,0.1,hq2
1912,12/18/2019 23:40:00,12/19/2019 11:30:00,12/18/2019,710.0,2.0000000000000004,hq2
1913,12/20/2019 15:35:00,12/20/2019 17:00:00,12/20/2019,85.0,0.5,hq2
1914,12/21/2019 03:05:00,12/22/2019 11:35:00,12/21/2019,1950.0,25.200000000000003,hq2
1915,12/23/2019 16:15:00,12/23/2019 16:15:00,12/23/2019,0.0,0.1,hq2
1916,12/23/2019 19:30:00,12/24/2019 03:45:00,12/23/2019,495.0,11.8,hq2
1917,12/25/2019 07:00:00,12/25/2019 07:00:00,12/25/2019,0.0,0.1,hq2
1918,12/25/2019 14:55:00,12/26/2019 04:50:00,12/25/2019,835.0,7.3,hq2
1919,12/26/2019 07:20:00,12/26/2019 07:20:00,12/26/2019,0.0,0.1,hq2
1920,12/29/2019 00:05:00,12/29/2019 04:10:00,12/29/2019,245.0,0.5,hq2
1921,01/02/2020 04:00:00,01/02/2020 04:30:00,01/02/2020,30.0,0.4,hq2
1922,01/03/2020 10:15:00,01/03/2020 15:10:00,01/03/2020,295.0,1.2000000000000002,hq2
1923,01/03/2020 18:15:00,01/03/2020 19:10:00,01/03/2020,55.0,1.1,hq2
1924,01/04/2020 03:10:00,01/04/2020 08:05:00,01/04/2020,295.0,1.0,hq2
1925,01/07/2020 13:10:00,01/07/2020 15:35:00,01/07/2020,145.0,1.0,hq2
1926,01/09/2020 13:40:00,01/09/2020 18:10:00,01/09/2020,270.0,1.5000000000000004,hq2
1927,01/10/2020 12:55:00,01/11/2020 13:25:00,01/10/2020,1470.0,9.199999999999998,hq2
1928,01/11/2020 16:50:00,01/11/2020 16:50:00,01/11/2020,0.0,0.1,hq2
1929,01/11/2020 20:25:00,01/11/2020 20:25:00,01/11/2020,0.0,0.1,hq2
1930,01/12/2020 01:45:00,01/12/2020 01:45:00,01/12/2020,0.0,0.1,hq2
1931,01/12/2020 07:05:00,01/12/2020 07:05:00,01/12/2020,0.0,0.1,hq2
1932,01/14/2020 01:30:00,01/14/2020 01:30:00,01/14/2020,0.0,0.1,hq2
1933,01/15/2020 18:15:00,01/15/2020 22:30:00,01/15/2020,255.0,1.2000000000000002,hq2
1934,01/16/2020 05:25:00,01/16/2020 11:00:00,01/16/2020,335.0,5.6,hq2
1935,01/17/2020 16:35:00,01/17/2020 16:35:00,01/17/2020,0.0,0.1,hq2
1936,01/21/2020 22:15:00,01/22/2020 21:15:00,01/21/2020,1380.0,20.8,hq2
1937,01/23/2020 02:35:00,01/23/2020 09:25:00,01/23/2020,410.0,3.7000000000000006,hq2
1938,01/23/2020 12:45:00,01/24/2020 03:45:00,01/23/2020,900.0,35.800000000000004,hq2
1939,01/24/2020 17:00:00,01/25/2020 13:55:00,01/24/2020,1255.0,20.700000000000006,hq2
1940,01/25/2020 16:55:00,01/27/2020 06:10:00,01/25/2020,2235.0,33.80000000000001,hq2
1941,02/01/2020 08:00:00,02/01/2020 09:40:00,02/01/2020,100.0,0.3,hq2
1942,02/06/2020 14:30:00,02/07/2020 05:00:00,02/06/2020,870.0,15.6,hq2
1943,02/07/2020 08:30:00,02/07/2020 08:30:00,02/07/2020,0.0,0.1,hq2
1944,02/11/2020 02:15:00,02/11/2020 12:15:00,02/11/2020,600.0,10.8,hq2
1945,02/11/2020 22:00:00,02/12/2020 02:05:00,02/11/2020,245.0,2.1000000000000005,hq2
1946,02/12/2020 06:20:00,02/12/2020 06:20:00,02/12/2020,0.0,0.1,hq2
1947,02/13/2020 17:00:00,02/14/2020 15:15:00,02/13/2020,1335.0,4.1,hq2
1948,02/14/2020 17:35:00,02/14/2020 17:35:00,02/14/2020,0.0,0.1,hq2
1949,02/14/2020 20:50:00,02/14/2020 20:50:00,02/14/2020,0.0,0.1,hq2
1950,02/14/2020 23:05:00,02/14/2020 23:05:00,02/14/2020,0.0,0.1,hq2
1951,02/15/2020 02:00:00,02/15/2020 02:00:00,02/15/2020,0.0,0.1,hq2
1952,02/15/2020 04:30:00,02/15/2020 04:30:00,02/15/2020,0.0,0.1,hq2
1953,02/15/2020 07:55:00,02/15/2020 07:55:00,02/15/2020,0.0,0.1,hq2
1954,02/15/2020 10:40:00,02/15/2020 10:40:00,02/15/2020,0.0,0.1,hq2
1955,02/15/2020 14:25:00,02/15/2020 14:25:00,02/15/2020,0.0,0.1,hq2
1956,02/15/2020 17:05:00,02/16/2020 04:00:00,02/15/2020,655.0,13.1,hq2
1957,02/16/2020 08:30:00,02/16/2020 11:25:00,02/16/2020,175.0,0.5,hq2
1958,02/16/2020 13:50:00,02/16/2020 13:50:00,02/16/2020,0.0,0.1,hq2
1959,02/16/2020 23:15:00,02/16/2020 23:15:00,02/16/2020,0.0,0.1,hq2
1960,02/17/2020 07:40:00,02/17/2020 07:40:00,02/17/2020,0.0,0.1,hq2
1961,02/17/2020 22:40:00,02/17/2020 22:40:00,02/17/2020,0.0,0.1,hq2
1962,02/18/2020 07:50:00,02/18/2020 07:50:00,02/18/2020,0.0,0.1,hq2
1963,02/18/2020 20:25:00,02/18/2020 20:25:00,02/18/2020,0.0,0.1,hq2
1964,02/19/2020 08:20:00,02/19/2020 08:20:00,02/19/2020,0.0,0.1,hq2
1965,02/20/2020 00:15:00,02/20/2020 00:15:00,02/20/2020,0.0,0.1,hq2
1966,02/29/2020 00:15:00,02/29/2020 00:15:00,02/29/2020,0.0,0.1,hq2
1967,02/29/2020 04:05:00,02/29/2020 17:10:00,02/29/2020,785.0,7.199999999999998,hq2
1968,02/29/2020 22:00:00,03/01/2020 04:50:00,02/29/2020,410.0,2.5000000000000004,hq2
1969,03/06/2020 21:35:00,03/06/2020 21:45:00,03/06/2020,10.0,0.4,hq2
1970,03/07/2020 03:55:00,03/07/2020 03:55:00,03/07/2020,0.0,0.1,hq2
1971,03/08/2020 23:40:00,03/09/2020 21:30:00,03/08/2020,1310.0,19.9,hq2
1972,03/09/2020 23:40:00,03/10/2020 01:25:00,03/09/2020,105.0,0.2,hq2
1973,03/10/2020 03:40:00,03/10/2020 03:40:00,03/10/2020,0.0,0.1,hq2
1974,03/10/2020 06:00:00,03/10/2020 06:00:00,03/10/2020,0.0,0.1,hq2
1975,03/10/2020 09:30:00,03/10/2020 09:30:00,03/10/2020,0.0,0.1,hq2
1976,03/10/2020 12:45:00,03/10/2020 12:45:00,03/10/2020,0.0,0.1,hq2
1977,03/10/2020 18:05:00,03/10/2020 18:05:00,03/10/2020,0.0,0.1,hq2
1978,03/10/2020 23:55:00,03/10/2020 23:55:00,03/10/2020,0.0,0.1,hq2
1979,03/11/2020 08:35:00,03/11/2020 08:35:00,03/11/2020,0.0,0.1,hq2
1980,03/11/2020 16:05:00,03/11/2020 16:05:00,03/11/2020,0.0,0.1,hq2
1981,03/12/2020 01:45:00,03/12/2020 01:45:00,03/12/2020,0.0,0.1,hq2
1982,03/12/2020 12:05:00,03/12/2020 12:05:00,03/12/2020,0.0,0.1,hq2
1983,03/12/2020 22:15:00,03/13/2020 00:45:00,03/12/2020,150.0,0.4,hq2
1984,03/13/2020 03:15:00,03/13/2020 03:15:00,03/13/2020,0.0,0.1,hq2
1985,03/13/2020 06:35:00,03/13/2020 06:35:00,03/13/2020,0.0,0.1,hq2
1986,03/13/2020 09:15:00,03/13/2020 09:15:00,03/13/2020,0.0,0.1,hq2
1987,03/13/2020 12:15:00,03/13/2020 12:15:00,03/13/2020,0.0,0.1,hq2
1988,03/13/2020 19:25:00,03/13/2020 19:25:00,03/13/2020,0.0,0.1,hq2
1989,03/14/2020 03:40:00,03/14/2020 03:40:00,03/14/2020,0.0,0.1,hq2
1990,03/14/2020 21:35:00,03/14/2020 21:35:00,03/14/2020,0.0,0.1,hq2
1991,03/18/2020 01:40:00,03/18/2020 01:40:00,03/18/2020,0.0,0.1,hq2
1992,03/20/2020 11:20:00,03/20/2020 13:25:00,03/20/2020,125.0,7.200000000000001,hq2
1993,03/21/2020 20:05:00,03/22/2020 04:00:00,03/21/2020,475.0,12.999999999999998,hq2
1994,03/22/2020 09:25:00,03/22/2020 09:25:00,03/22/2020,0.0,0.1,hq2
1995,03/22/2020 20:45:00,03/22/2020 20:45:00,03/22/2020,0.0,0.1,hq2
1996,03/23/2020 21:45:00,03/23/2020 21:45:00,03/23/2020,0.0,0.1,hq2
1997,03/25/2020 20:40:00,03/25/2020 21:15:00,03/25/2020,35.0,4.8,hq2
1998,03/26/2020 00:05:00,03/26/2020 00:05:00,03/26/2020,0.0,0.1,hq2
1999,03/26/2020 06:25:00,03/26/2020 06:25:00,03/26/2020,0.0,0.1,hq2
2000,03/26/2020 10:45:00,03/26/2020 11:55:00,03/26/2020,70.0,4.4,hq2
2001,03/26/2020 20:55:00,03/26/2020 22:35:00,03/26/2020,100.0,14.9,hq2
2002,03/27/2020 01:00:00,03/27/2020 02:55:00,03/27/2020,115.0,4.9,hq2
2003,03/27/2020 22:55:00,03/28/2020 12:40:00,03/27/2020,825.0,25.30000000000001,hq2
2004,03/28/2020 15:40:00,03/28/2020 15:40:00,03/28/2020,0.0,0.1,hq2
2005,03/29/2020 12:25:00,03/30/2020 06:50:00,03/29/2020,1105.0,19.9,hq2
2006,03/30/2020 09:20:00,03/30/2020 11:20:00,03/30/2020,120.0,0.2,hq2
2007,03/30/2020 22:20:00,03/30/2020 22:20:00,03/30/2020,0.0,0.1,hq2
2008,03/31/2020 14:55:00,03/31/2020 19:15:00,03/31/2020,260.0,1.8000000000000005,hq2
2009,04/01/2020 01:55:00,04/01/2020 01:55:00,04/01/2020,0.0,0.1,hq2
2010,04/01/2020 20:40:00,04/01/2020 20:40:00,04/01/2020,0.0,0.1,hq2
2011,04/03/2020 03:15:00,04/03/2020 03:15:00,04/03/2020,0.0,0.1,hq2
2012,04/07/2020 05:15:00,04/07/2020 05:15:00,04/07/2020,0.0,0.1,hq2
2013,04/11/2020 04:55:00,04/11/2020 09:50:00,04/11/2020,295.0,1.6000000000000003,hq2
2014,04/11/2020 12:05:00,04/11/2020 19:15:00,04/11/2020,430.0,0.9,hq2
2015,04/11/2020 22:15:00,04/11/2020 22:15:00,04/11/2020,0.0,0.1,hq2
2016,04/12/2020 05:25:00,04/12/2020 05:25:00,04/12/2020,0.0,0.1,hq2
2017,04/12/2020 19:00:00,04/12/2020 19:35:00,04/12/2020,35.0,3.1,hq2
2018,04/12/2020 23:35:00,04/12/2020 23:35:00,04/12/2020,0.0,0.1,hq2
2019,04/14/2020 04:05:00,04/14/2020 04:05:00,04/14/2020,0.0,0.1,hq2
2020,04/19/2020 04:25:00,04/19/2020 08:25:00,04/19/2020,240.0,16.300000000000004,hq2
2021,04/20/2020 02:00:00,04/20/2020 02:00:00,04/20/2020,0.0,0.1,hq2
2022,04/20/2020 21:05:00,04/21/2020 06:05:00,04/20/2020,540.0,5.499999999999998,hq2
2023,04/22/2020 04:50:00,04/22/2020 04:50:00,04/22/2020,0.0,0.1,hq2
2024,04/23/2020 08:00:00,04/23/2020 08:00:00,04/23/2020,0.0,0.1,hq2
2025,05/01/2020 04:00:00,05/01/2020 12:10:00,05/01/2020,490.0,2.2,hq2
2026,05/01/2020 17:00:00,05/01/2020 17:20:00,05/01/2020,20.0,0.2,hq2
2027,05/01/2020 21:05:00,05/02/2020 04:40:00,05/01/2020,455.0,8.899999999999997,hq2
2028,05/02/2020 08:10:00,05/02/2020 08:10:00,05/02/2020,0.0,0.1,hq2
2029,05/02/2020 21:55:00,05/02/2020 21:55:00,05/02/2020,0.0,0.1,hq2
2030,05/04/2020 06:25:00,05/04/2020 06:25:00,05/04/2020,0.0,0.1,hq2
2031,05/05/2020 07:55:00,05/05/2020 07:55:00,05/05/2020,0.0,0.1,hq2
2032,05/05/2020 11:55:00,05/05/2020 13:50:00,05/05/2020,115.0,2.8000000000000007,hq2
2033,05/05/2020 20:40:00,05/05/2020 20:40:00,05/05/2020,0.0,0.1,hq2
2034,05/06/2020 07:10:00,05/06/2020 07:10:00,05/06/2020,0.0,0.1,hq2
2035,05/06/2020 18:45:00,05/06/2020 18:45:00,05/06/2020,0.0,0.1,hq2
2036,05/07/2020 06:30:00,05/07/2020 06:30:00,05/07/2020,0.0,0.1,hq2
2037,05/07/2020 22:30:00,05/07/2020 22:30:00,05/07/2020,0.0,0.1,hq2
2038,05/08/2020 11:30:00,05/08/2020 11:30:00,05/08/2020,0.0,0.1,hq2
2039,05/08/2020 23:15:00,05/08/2020 23:15:00,05/08/2020,0.0,0.1,hq2
2040,05/09/2020 12:05:00,05/09/2020 12:05:00,05/09/2020,0.0,0.1,hq2
2041,05/10/2020 03:40:00,05/10/2020 06:45:00,05/10/2020,185.0,1.6,hq2
2042,05/10/2020 10:05:00,05/10/2020 10:05:00,05/10/2020,0.0,0.1,hq2
2043,05/11/2020 03:20:00,05/11/2020 03:20:00,05/11/2020,0.0,0.1,hq2
2044,05/12/2020 05:20:00,05/12/2020 05:20:00,05/12/2020,0.0,0.1,hq2
2045,05/15/2020 02:25:00,05/15/2020 03:50:00,05/15/2020,85.0,3.3000000000000003,hq2
2046,05/15/2020 06:20:00,05/15/2020 06:20:00,05/15/2020,0.0,0.1,hq2
2047,05/15/2020 18:25:00,05/15/2020 21:55:00,05/15/2020,210.0,3.1000000000000005,hq2
2048,05/16/2020 03:35:00,05/16/2020 03:35:00,05/16/2020,0.0,0.1,hq2
2049,05/16/2020 20:40:00,05/16/2020 20:40:00,05/16/2020,0.0,0.1,hq2
2050,05/17/2020 22:30:00,05/17/2020 22:30:00,05/17/2020,0.0,0.1,hq2
2051,05/25/2020 21:30:00,05/25/2020 22:45:00,05/25/2020,75.0,0.5,hq2
2052,05/26/2020 00:55:00,05/26/2020 08:00:00,05/26/2020,425.0,15.899999999999997,hq2
2053,05/26/2020 13:50:00,05/26/2020 13:50:00,05/26/2020,0.0,0.1,hq2
2054,05/28/2020 05:30:00,05/28/2020 05:30:00,05/28/2020,0.0,0.1,hq2
2055,05/29/2020 22:00:00,05/29/2020 22:00:00,05/29/2020,0.0,0.1,hq2
2056,05/30/2020 03:25:00,05/30/2020 04:15:00,05/30/2020,50.0,1.0,hq2
2057,05/30/2020 08:50:00,05/30/2020 18:30:00,05/30/2020,580.0,16.1,hq2
2058,05/30/2020 21:10:00,05/30/2020 23:25:00,05/30/2020,135.0,0.7,hq2
2059,06/02/2020 02:10:00,06/02/2020 02:10:00,06/02/2020,0.0,0.1,hq2
2060,06/03/2020 15:40:00,06/03/2020 16:30:00,06/03/2020,50.0,3.1,hq2
2061,06/04/2020 08:10:00,06/04/2020 09:10:00,06/04/2020,60.0,1.7000000000000002,hq2
2062,06/05/2020 04:50:00,06/05/2020 20:45:00,06/05/2020,955.0,36.40000000000001,hq2
2063,06/06/2020 01:45:00,06/06/2020 05:05:00,06/06/2020,200.0,5.9,hq2
2064,06/08/2020 23:20:00,06/09/2020 00:50:00,06/08/2020,90.0,0.4,hq2
2065,06/09/2020 06:20:00,06/09/2020 06:20:00,06/09/2020,0.0,0.2,hq2
2066,06/10/2020 09:25:00,06/10/2020 13:50:00,06/10/2020,265.0,2.4,hq2
2067,06/10/2020 21:20:00,06/10/2020 22:55:00,06/10/2020,95.0,7.4,hq2
2068,06/11/2020 12:05:00,06/11/2020 12:15:00,06/11/2020,10.0,0.5,hq2
2069,06/12/2020 19:25:00,06/12/2020 23:35:00,06/12/2020,250.0,12.8,hq2
2070,06/14/2020 19:30:00,06/14/2020 21:05:00,06/14/2020,95.0,1.7000000000000004,hq2
2071,06/15/2020 06:55:00,06/15/2020 15:20:00,06/15/2020,505.0,61.49999999999999,hq2
2072,06/16/2020 00:35:00,06/16/2020 00:50:00,06/16/2020,15.0,0.6,hq2
2073,06/16/2020 09:00:00,06/16/2020 13:10:00,06/16/2020,250.0,3.6000000000000005,hq2
2074,06/16/2020 22:00:00,06/16/2020 22:25:00,06/16/2020,25.0,0.8999999999999999,hq2
2075,06/18/2020 17:40:00,06/18/2020 21:25:00,06/18/2020,225.0,4.6,hq2
2076,06/19/2020 07:10:00,06/19/2020 07:10:00,06/19/2020,0.0,0.1,hq2
2077,06/19/2020 09:25:00,06/19/2020 09:25:00,06/19/2020,0.0,0.1,hq2
2078,06/19/2020 20:00:00,06/19/2020 20:05:00,06/19/2020,5.0,0.6000000000000001,hq2
2079,06/20/2020 08:10:00,06/20/2020 08:20:00,06/20/2020,10.0,0.2,hq2
2080,06/20/2020 19:10:00,06/20/2020 23:05:00,06/20/2020,235.0,2.2,hq2
2081,06/21/2020 01:55:00,06/21/2020 11:35:00,06/21/2020,580.0,10.599999999999998,hq2
2082,06/21/2020 13:45:00,06/21/2020 20:00:00,06/21/2020,375.0,2.0,hq2
2083,06/22/2020 22:10:00,06/22/2020 23:05:00,06/22/2020,55.0,0.8999999999999999,hq2
2084,06/23/2020 21:05:00,06/24/2020 01:10:00,06/23/2020,245.0,15.3,hq2
2085,06/24/2020 08:10:00,06/24/2020 08:55:00,06/24/2020,45.0,0.2,hq2
2086,06/24/2020 21:05:00,06/24/2020 21:15:00,06/24/2020,10.0,0.4,hq2
2087,06/24/2020 23:25:00,06/25/2020 11:25:00,06/24/2020,720.0,11.8,hq2
2088,06/27/2020 08:50:00,06/27/2020 13:15:00,06/27/2020,265.0,14.9,hq2
2089,06/27/2020 15:40:00,06/27/2020 16:45:00,06/27/2020,65.0,1.5,hq2
2090,06/27/2020 19:25:00,06/27/2020 20:15:00,06/27/2020,50.0,11.3,hq2
2091,06/28/2020 03:40:00,06/28/2020 09:10:00,06/28/2020,330.0,23.3,hq2
2092,06/28/2020 11:45:00,06/28/2020 13:50:00,06/28/2020,125.0,12.599999999999998,hq2
2093,06/29/2020 03:45:00,06/29/2020 09:30:00,06/29/2020,345.0,14.499999999999998,hq2
2094,07/02/2020 08:55:00,07/02/2020 09:40:00,07/02/2020,45.0,0.2,hq2
2095,07/02/2020 20:35:00,07/03/2020 05:15:00,07/02/2020,520.0,22.200000000000006,hq2
2096,07/05/2020 03:50:00,07/05/2020 06:25:00,07/05/2020,155.0,1.5,hq2
2097,07/05/2020 08:50:00,07/05/2020 18:50:00,07/05/2020,600.0,16.800000000000008,hq2
2098,07/05/2020 21:20:00,07/05/2020 21:40:00,07/05/2020,20.0,1.0,hq2
2099,07/06/2020 03:00:00,07/06/2020 12:35:00,07/06/2020,575.0,48.500000000000014,hq2
2100,07/06/2020 15:05:00,07/06/2020 19:20:00,07/06/2020,255.0,18.200000000000003,hq2
2101,07/06/2020 23:20:00,07/07/2020 07:55:00,07/06/2020,515.0,20.6,hq2
2102,07/08/2020 12:10:00,07/08/2020 17:00:00,07/08/2020,290.0,36.30000000000001,hq2
2103,07/09/2020 01:30:00,07/09/2020 07:45:00,07/09/2020,375.0,5.099999999999999,hq2
2104,07/09/2020 10:40:00,07/09/2020 12:15:00,07/09/2020,95.0,10.3,hq2
2105,07/09/2020 21:55:00,07/09/2020 22:25:00,07/09/2020,30.0,0.3,hq2
2106,07/10/2020 16:30:00,07/10/2020 16:50:00,07/10/2020,20.0,0.6,hq2
2107,07/10/2020 20:50:00,07/10/2020 23:20:00,07/10/2020,150.0,2.1,hq2
2108,07/11/2020 07:00:00,07/11/2020 13:20:00,07/11/2020,380.0,5.099999999999999,hq2
2109,07/13/2020 11:45:00,07/13/2020 13:20:00,07/13/2020,95.0,1.9000000000000008,hq2
2110,07/13/2020 16:35:00,07/13/2020 17:05:00,07/13/2020,30.0,0.4,hq2
2111,07/14/2020 02:15:00,07/14/2020 03:45:00,07/14/2020,90.0,0.3,hq2
2112,07/14/2020 23:50:00,07/16/2020 12:55:00,07/14/2020,2225.0,94.8,hq2
2113,07/16/2020 20:10:00,07/16/2020 20:10:00,07/16/2020,0.0,0.1,hq2
2114,07/17/2020 04:55:00,07/17/2020 06:50:00,07/17/2020,115.0,13.1,hq2
2115,07/17/2020 09:45:00,07/17/2020 12:30:00,07/17/2020,165.0,6.4,hq2
2116,07/19/2020 18:00:00,07/19/2020 18:05:00,07/19/2020,5.0,0.4,hq2
2117,07/20/2020 09:10:00,07/20/2020 13:20:00,07/20/2020,250.0,1.3000000000000005,hq2
2118,07/20/2020 15:25:00,07/20/2020 15:45:00,07/20/2020,20.0,0.2,hq2
2119,07/20/2020 18:55:00,07/20/2020 19:35:00,07/20/2020,40.0,0.4,hq2
2120,07/27/2020 20:05:00,07/27/2020 20:05:00,07/27/2020,0.0,0.1,hq2
2121,08/04/2020 19:20:00,08/05/2020 10:10:00,08/04/2020,890.0,78.4,hq2
2122,08/10/2020 16:15:00,08/10/2020 23:40:00,08/10/2020,445.0,16.900000000000002,hq2
2123,08/26/2020 07:50:00,08/26/2020 07:55:00,08/26/2020,5.0,0.2,hq2
2124,08/26/2020 13:45:00,08/26/2020 16:50:00,08/26/2020,185.0,14.999999999999998,hq2
2125,08/28/2020 14:30:00,08/29/2020 01:00:00,08/28/2020,630.0,16.200000000000003,hq2
2126,08/29/2020 03:15:00,08/29/2020 07:20:00,08/29/2020,245.0,18.1,hq2
2127,08/29/2020 11:30:00,08/29/2020 11:30:00,08/29/2020,0.0,0.1,hq2
2128,08/29/2020 13:40:00,08/29/2020 15:15:00,08/29/2020,95.0,0.7,hq2
2129,09/01/2020 17:00:00,09/01/2020 17:15:00,09/01/2020,15.0,2.0,hq2
2130,09/02/2020 12:00:00,09/02/2020 13:25:00,09/02/2020,85.0,0.5,hq2
2131,09/09/2020 17:35:00,09/09/2020 17:50:00,09/09/2020,15.0,1.6,hq2
2132,09/10/2020 21:15:00,09/11/2020 13:40:00,09/10/2020,985.0,24.0,hq2
2133,09/13/2020 20:30:00,09/13/2020 23:05:00,09/13/2020,155.0,1.7000000000000002,hq2
2134,09/14/2020 02:15:00,09/14/2020 02:15:00,09/14/2020,0.0,0.1,hq2
2135,09/14/2020 14:55:00,09/14/2020 15:50:00,09/14/2020,55.0,8.7,hq2
2136,09/15/2020 05:50:00,09/15/2020 20:20:00,09/15/2020,870.0,26.60000000000001,hq2
2137,09/15/2020 23:35:00,09/16/2020 05:05:00,09/15/2020,330.0,7.299999999999999,hq2
2138,09/16/2020 22:50:00,09/17/2020 06:20:00,09/16/2020,450.0,28.6,hq2
2139,09/17/2020 09:55:00,09/18/2020 03:15:00,09/17/2020,1040.0,28.800000000000004,hq2
2140,09/18/2020 10:30:00,09/18/2020 14:30:00,09/18/2020,240.0,4.1000000000000005,hq2
2141,09/18/2020 17:05:00,09/18/2020 17:30:00,09/18/2020,25.0,0.2,hq2
2142,09/19/2020 08:15:00,09/19/2020 08:15:00,09/19/2020,0.0,0.1,hq2
2143,09/23/2020 06:05:00,09/23/2020 06:40:00,09/23/2020,35.0,1.0,hq2
2144,09/23/2020 09:20:00,09/23/2020 13:50:00,09/23/2020,270.0,12.5,hq2
2145,09/24/2020 08:20:00,09/24/2020 08:20:00,09/24/2020,0.0,0.1,hq2
2146,10/03/2020 22:20:00,10/04/2020 07:20:00,10/03/2020,540.0,22.60000000000001,hq2
2147,10/04/2020 10:20:00,10/04/2020 10:20:00,10/04/2020,0.0,0.1,hq2
2148,10/04/2020 14:30:00,10/04/2020 15:10:00,10/04/2020,40.0,1.4,hq2
2149,10/04/2020 21:40:00,10/04/2020 23:30:00,10/04/2020,110.0,0.6,hq2
2150,10/05/2020 07:25:00,10/05/2020 07:25:00,10/05/2020,0.0,0.1,hq2
2151,10/15/2020 21:50:00,10/16/2020 01:50:00,10/15/2020,240.0,1.3000000000000005,hq2
2152,10/16/2020 05:15:00,10/16/2020 05:35:00,10/16/2020,20.0,0.2,hq2
2153,10/16/2020 08:50:00,10/16/2020 10:35:00,10/16/2020,105.0,1.2000000000000002,hq2
2154,10/16/2020 13:35:00,10/16/2020 20:25:00,10/16/2020,410.0,2.8000000000000007,hq2
2155,10/21/2020 06:05:00,10/21/2020 07:15:00,10/21/2020,70.0,0.5,hq2
2156,10/21/2020 09:25:00,10/21/2020 10:00:00,10/21/2020,35.0,1.3000000000000005,hq2
2157,10/21/2020 20:10:00,10/21/2020 21:00:00,10/21/2020,50.0,0.2,hq2
2158,11/01/2020 19:35:00,11/01/2020 20:35:00,11/01/2020,60.0,0.3,hq2
2159,11/01/2020 22:50:00,11/02/2020 04:25:00,11/01/2020,335.0,1.3000000000000005,hq2
2160,11/19/2020 21:35:00,11/19/2020 21:35:00,11/19/2020,0.0,0.1,hq2
2161,11/20/2020 00:20:00,11/20/2020 02:35:00,11/20/2020,135.0,2.2,hq2
2162,11/20/2020 09:35:00,11/20/2020 10:30:00,11/20/2020,55.0,0.3,hq2
2163,11/21/2020 21:35:00,11/22/2020 01:45:00,11/21/2020,250.0,1.2000000000000002,hq2
2164,11/22/2020 04:00:00,11/22/2020 04:00:00,11/22/2020,0.0,0.1,hq2
2165,11/22/2020 18:55:00,11/22/2020 18:55:00,11/22/2020,0.0,0.1,hq2
2166,11/23/2020 19:25:00,11/24/2020 07:25:00,11/23/2020,720.0,2.5000000000000004,hq2
2167,11/24/2020 09:40:00,11/24/2020 09:40:00,11/24/2020,0.0,0.1,hq2
2168,11/24/2020 12:10:00,11/25/2020 08:05:00,11/24/2020,1195.0,7.299999999999998,hq2
2169,11/25/2020 11:20:00,11/26/2020 04:35:00,11/25/2020,1035.0,20.500000000000007,hq2
2170,11/26/2020 08:15:00,11/26/2020 18:20:00,11/26/2020,605.0,2.2,hq2
2171,11/26/2020 21:05:00,11/26/2020 23:55:00,11/26/2020,170.0,1.4,hq2
2172,11/27/2020 02:00:00,11/27/2020 11:10:00,11/27/2020,550.0,1.2000000000000002,hq2
2173,11/27/2020 15:50:00,11/27/2020 15:50:00,11/27/2020,0.0,0.3,hq2
2174,12/11/2020 10:00:00,12/11/2020 10:00:00,12/11/2020,0.0,0.1,hq2
2175,12/13/2020 22:30:00,12/14/2020 03:20:00,12/13/2020,290.0,2.900000000000001,hq2
2176,12/18/2020 03:25:00,12/18/2020 05:40:00,12/18/2020,135.0,0.6,hq2
2177,12/18/2020 08:55:00,12/18/2020 08:55:00,12/18/2020,0.0,0.1,hq2
2178,12/29/2020 13:30:00,12/29/2020 22:25:00,12/29/2020,535.0,5.499999999999998,hq2
2179,01/04/2021 17:15:00,01/04/2021 17:35:00,01/04/2021,20.0,0.3,hq2
2180,01/22/2021 04:35:00,01/22/2021 07:30:00,01/22/2021,175.0,0.5,hq2
2181,01/22/2021 10:55:00,01/22/2021 11:20:00,01/22/2021,25.0,0.2,hq2
2182,01/22/2021 15:30:00,01/22/2021 22:25:00,01/22/2021,415.0,4.5,hq2
2183,01/23/2021 01:35:00,01/23/2021 01:35:00,01/23/2021,0.0,0.1,hq2
2184,01/23/2021 10:30:00,01/23/2021 11:15:00,01/23/2021,45.0,0.7,hq2
2185,01/25/2021 18:35:00,01/25/2021 18:35:00,01/25/2021,0.0,0.1,hq2
2186,01/25/2021 22:45:00,01/26/2021 06:15:00,01/25/2021,450.0,5.799999999999998,hq2
2187,01/26/2021 11:25:00,01/26/2021 12:25:00,01/26/2021,60.0,0.5,hq2
2188,01/26/2021 17:20:00,01/26/2021 20:25:00,01/26/2021,185.0,0.9,hq2
2189,02/01/2021 00:30:00,02/01/2021 00:30:00,02/01/2021,0.0,0.1,hq2
2190,02/01/2021 05:15:00,02/01/2021 10:55:00,02/01/2021,340.0,4.9,hq2
2191,02/01/2021 14:40:00,02/01/2021 17:20:00,02/01/2021,160.0,4.8,hq2
2192,02/01/2021 19:45:00,02/01/2021 19:45:00,02/01/2021,0.0,0.1,hq2
2193,02/05/2021 02:30:00,02/05/2021 06:55:00,02/05/2021,265.0,3.0000000000000004,hq2
2194,02/05/2021 15:45:00,02/05/2021 16:35:00,02/05/2021,50.0,0.7000000000000001,hq2
2195,02/11/2021 08:55:00,02/11/2021 23:15:00,02/11/2021,860.0,15.400000000000002,hq2
2196,02/12/2021 12:20:00,02/12/2021 13:05:00,02/12/2021,45.0,0.3,hq2
2197,02/25/2021 13:05:00,02/25/2021 20:20:00,02/25/2021,435.0,6.999999999999998,hq2
2198,02/25/2021 23:55:00,02/26/2021 17:35:00,02/25/2021,1060.0,15.700000000000005,hq2
2199,02/27/2021 10:15:00,02/27/2021 12:40:00,02/27/2021,145.0,0.8,hq2
2200,02/27/2021 18:15:00,02/27/2021 20:45:00,02/27/2021,150.0,0.8,hq2
2201,02/28/2021 00:20:00,02/28/2021 08:00:00,02/28/2021,460.0,2.900000000000001,hq2
2202,03/01/2021 01:35:00,03/01/2021 08:20:00,03/01/2021,405.0,2.9000000000000004,hq2
2203,03/01/2021 10:40:00,03/02/2021 12:15:00,03/01/2021,1535.0,7.199999999999999,hq2
2204,03/03/2021 23:30:00,03/04/2021 07:50:00,03/03/2021,500.0,4.0,hq2
2205,03/05/2021 19:50:00,03/05/2021 19:50:00,03/05/2021,0.0,0.1,hq2
2206,03/06/2021 00:25:00,03/06/2021 00:25:00,03/06/2021,0.0,0.1,hq2
2207,03/06/2021 05:05:00,03/06/2021 08:10:00,03/06/2021,185.0,0.6,hq2
2208,03/06/2021 10:20:00,03/06/2021 10:40:00,03/06/2021,20.0,0.3,hq2
2209,03/06/2021 21:15:00,03/07/2021 21:35:00,03/06/2021,1460.0,6.699999999999999,hq2
2210,03/08/2021 19:30:00,03/09/2021 06:05:00,03/08/2021,635.0,2.4000000000000004,hq2
2211,03/11/2021 05:35:00,03/11/2021 23:05:00,03/11/2021,1050.0,10.0,hq2
2212,03/15/2021 20:50:00,03/16/2021 09:00:00,03/15/2021,730.0,12.400000000000002,hq2
2213,03/16/2021 11:25:00,03/16/2021 11:25:00,03/16/2021,0.0,0.4,hq2
2214,03/17/2021 14:35:00,03/17/2021 15:10:00,03/17/2021,35.0,0.4,hq2
2215,03/17/2021 18:00:00,03/17/2021 19:20:00,03/17/2021,80.0,0.3,hq2
2216,03/19/2021 05:15:00,03/19/2021 17:00:00,03/19/2021,705.0,11.0,hq2
2217,03/20/2021 01:55:00,03/20/2021 07:25:00,03/20/2021,330.0,1.6000000000000003,hq2
2218,03/20/2021 11:35:00,03/20/2021 11:35:00,03/20/2021,0.0,0.1,hq2
2219,03/21/2021 08:15:00,03/21/2021 08:15:00,03/21/2021,0.0,0.1,hq2
2220,03/26/2021 14:10:00,03/26/2021 15:05:00,03/26/2021,55.0,6.300000000000001,hq2
2221,03/27/2021 04:20:00,03/27/2021 08:00:00,03/27/2021,220.0,3.5000000000000004,hq2
2222,03/31/2021 04:20:00,03/31/2021 07:20:00,03/31/2021,180.0,3.2000000000000006,hq2
2223,03/31/2021 21:25:00,04/01/2021 06:25:00,03/31/2021,540.0,7.199999999999999,hq2
2224,04/02/2021 04:10:00,04/02/2021 04:20:00,04/02/2021,10.0,0.2,hq2
2225,04/07/2021 16:55:00,04/08/2021 00:15:00,04/07/2021,440.0,3.500000000000001,hq2
2226,04/08/2021 02:30:00,04/08/2021 03:50:00,04/08/2021,80.0,0.6,hq2
2227,04/08/2021 06:30:00,04/08/2021 07:20:00,04/08/2021,50.0,0.7,hq2
2228,04/08/2021 09:45:00,04/08/2021 09:45:00,04/08/2021,0.0,0.1,hq2
2229,04/11/2021 07:35:00,04/11/2021 07:35:00,04/11/2021,0.0,0.1,hq2
2230,04/11/2021 10:55:00,04/12/2021 12:25:00,04/11/2021,1530.0,39.900000000000006,hq2
2231,04/14/2021 12:15:00,04/14/2021 14:35:00,04/14/2021,140.0,4.800000000000001,hq2
2232,04/22/2021 15:25:00,04/22/2021 15:40:00,04/22/2021,15.0,0.3,hq2
2233,04/24/2021 11:45:00,04/24/2021 12:30:00,04/24/2021,45.0,0.2,hq2
2234,04/27/2021 04:30:00,04/27/2021 13:55:00,04/27/2021,565.0,3.200000000000001,hq2
2235,04/27/2021 16:55:00,04/27/2021 22:00:00,04/27/2021,305.0,1.1,hq2
2236,05/04/2021 01:15:00,05/04/2021 09:40:00,05/04/2021,505.0,7.599999999999999,hq2
2237,05/04/2021 13:10:00,05/04/2021 13:25:00,05/04/2021,15.0,0.8,hq2
2238,05/06/2021 21:15:00,05/06/2021 21:15:00,05/06/2021,0.0,0.1,hq2
2239,05/11/2021 02:45:00,05/11/2021 06:50:00,05/11/2021,245.0,5.299999999999999,hq2
2240,05/11/2021 13:45:00,05/11/2021 15:30:00,05/11/2021,105.0,3.4,hq2
2241,05/11/2021 22:40:00,05/12/2021 00:05:00,05/11/2021,85.0,1.0000000000000002,hq2
2242,05/12/2021 03:45:00,05/12/2021 05:05:00,05/12/2021,80.0,0.7,hq2
2243,05/13/2021 08:15:00,05/13/2021 09:05:00,05/13/2021,50.0,0.6,hq2
2244,05/14/2021 01:05:00,05/14/2021 02:05:00,05/14/2021,60.0,0.2,hq2
2245,05/14/2021 04:45:00,05/14/2021 04:45:00,05/14/2021,0.0,0.1,hq2
2246,05/14/2021 10:50:00,05/14/2021 10:50:00,05/14/2021,0.0,0.1,hq2
2247,05/14/2021 20:35:00,05/14/2021 22:35:00,05/14/2021,120.0,9.3,hq2
2248,05/16/2021 02:25:00,05/16/2021 08:45:00,05/16/2021,380.0,50.1,hq2
2249,05/16/2021 23:00:00,05/16/2021 23:00:00,05/16/2021,0.0,0.1,hq2
2250,05/17/2021 02:40:00,05/17/2021 03:50:00,05/17/2021,70.0,1.0,hq2
2251,05/17/2021 06:20:00,05/17/2021 07:10:00,05/17/2021,50.0,0.2,hq2
2252,05/18/2021 01:20:00,05/18/2021 02:00:00,05/18/2021,40.0,0.6,hq2
2253,05/18/2021 23:45:00,05/18/2021 23:45:00,05/18/2021,0.0,0.1,hq2
2254,05/19/2021 13:40:00,05/20/2021 03:50:00,05/19/2021,850.0,11.599999999999998,hq2
2255,05/23/2021 07:10:00,05/23/2021 18:35:00,05/23/2021,685.0,22.200000000000003,hq2
2256,05/23/2021 21:10:00,05/23/2021 22:40:00,05/23/2021,90.0,0.4,hq2
2257,05/26/2021 03:25:00,05/26/2021 03:25:00,05/26/2021,0.0,0.1,hq2
2258,05/26/2021 08:15:00,05/26/2021 21:35:00,05/26/2021,800.0,30.200000000000003,hq2
2259,06/01/2021 18:00:00,06/01/2021 19:00:00,06/01/2021,60.0,0.2,hq2
2260,06/01/2021 21:20:00,06/02/2021 03:50:00,06/01/2021,390.0,1.6,hq2
2261,06/02/2021 07:30:00,06/02/2021 12:20:00,06/02/2021,290.0,3.2000000000000006,hq2
2262,06/03/2021 16:10:00,06/03/2021 18:25:00,06/03/2021,135.0,0.7,hq2
2263,06/03/2021 23:50:00,06/04/2021 03:05:00,06/03/2021,195.0,2.6,hq2
2264,06/09/2021 23:00:00,06/09/2021 23:00:00,06/09/2021,0.0,0.1,hq2
2265,06/10/2021 09:50:00,06/10/2021 12:00:00,06/10/2021,130.0,0.7,hq2
2266,06/10/2021 15:00:00,06/10/2021 15:05:00,06/10/2021,5.0,0.3,hq2
2267,06/10/2021 17:50:00,06/10/2021 22:40:00,06/10/2021,290.0,7.699999999999999,hq2
2268,06/11/2021 04:35:00,06/11/2021 04:35:00,06/11/2021,0.0,0.1,hq2
2269,06/11/2021 10:20:00,06/11/2021 10:20:00,06/11/2021,0.0,0.2,hq2
2270,06/13/2021 04:10:00,06/13/2021 05:05:00,06/13/2021,55.0,0.4,hq2
2271,06/13/2021 09:15:00,06/13/2021 09:40:00,06/13/2021,25.0,0.7000000000000001,hq2
2272,06/13/2021 12:10:00,06/13/2021 13:30:00,06/13/2021,80.0,10.7,hq2
2273,06/13/2021 16:25:00,06/13/2021 16:45:00,06/13/2021,20.0,1.1,hq2
2274,06/14/2021 08:55:00,06/14/2021 12:25:00,06/14/2021,210.0,3.2,hq2
2275,06/15/2021 11:05:00,06/15/2021 11:05:00,06/15/2021,0.0,0.1,hq2
2276,06/15/2021 18:05:00,06/15/2021 18:30:00,06/15/2021,25.0,3.4000000000000004,hq2
2277,06/17/2021 09:15:00,06/17/2021 15:40:00,06/17/2021,385.0,15.6,hq2
2278,06/18/2021 14:55:00,06/19/2021 04:35:00,06/18/2021,820.0,8.1,hq2
2279,06/19/2021 08:15:00,06/19/2021 15:15:00,06/19/2021,420.0,9.7,hq2
2280,06/19/2021 17:40:00,06/19/2021 17:40:00,06/19/2021,0.0,0.1,hq2
2281,06/20/2021 10:25:00,06/20/2021 10:25:00,06/20/2021,0.0,0.1,hq2
2282,06/26/2021 02:35:00,06/26/2021 06:05:00,06/26/2021,210.0,5.7,hq2
2283,06/26/2021 10:10:00,06/26/2021 10:45:00,06/26/2021,35.0,0.6000000000000001,hq2
2284,06/26/2021 20:35:00,06/27/2021 05:00:00,06/26/2021,505.0,2.900000000000001,hq2
2285,06/27/2021 07:30:00,06/27/2021 08:35:00,06/27/2021,65.0,0.8,hq2
2286,06/27/2021 13:35:00,06/27/2021 16:00:00,06/27/2021,145.0,2.900000000000001,hq2
2287,06/27/2021 21:00:00,06/27/2021 22:40:00,06/27/2021,100.0,0.4,hq2
2288,06/28/2021 02:10:00,06/28/2021 02:10:00,06/28/2021,0.0,0.2,hq2
2289,06/28/2021 07:45:00,06/28/2021 09:25:00,06/28/2021,100.0,2.1,hq2
2290,07/01/2021 23:35:00,07/02/2021 01:50:00,07/01/2021,135.0,1.7999999999999998,hq2
2291,07/02/2021 06:30:00,07/02/2021 06:55:00,07/02/2021,25.0,0.2,hq2
2292,07/02/2021 10:35:00,07/02/2021 11:55:00,07/02/2021,80.0,0.6,hq2
2293,07/02/2021 15:05:00,07/02/2021 16:10:00,07/02/2021,65.0,18.300000000000004,hq2
2294,07/02/2021 18:20:00,07/02/2021 18:20:00,07/02/2021,0.0,0.1,hq2
2295,07/03/2021 07:40:00,07/03/2021 08:15:00,07/03/2021,35.0,0.7,hq2
2296,07/03/2021 15:35:00,07/03/2021 22:55:00,07/03/2021,440.0,18.300000000000004,hq2
2297,07/04/2021 05:20:00,07/04/2021 07:45:00,07/04/2021,145.0,2.1,hq2
2298,07/05/2021 21:55:00,07/06/2021 00:35:00,07/05/2021,160.0,12.0,hq2
2299,07/07/2021 18:35:00,07/07/2021 20:15:00,07/07/2021,100.0,9.1,hq2
2300,07/08/2021 15:15:00,07/08/2021 22:40:00,07/08/2021,445.0,34.30000000000001,hq2
2301,07/09/2021 04:45:00,07/09/2021 06:40:00,07/09/2021,115.0,3.0,hq2
2302,07/10/2021 01:20:00,07/10/2021 02:10:00,07/10/2021,50.0,3.8,hq2
2303,07/10/2021 16:00:00,07/10/2021 16:25:00,07/10/2021,25.0,1.7000000000000002,hq2
2304,07/10/2021 19:20:00,07/10/2021 20:55:00,07/10/2021,95.0,3.9,hq2
2305,07/24/2021 03:40:00,07/24/2021 13:55:00,07/24/2021,615.0,31.1,hq2
2306,07/24/2021 21:20:00,07/26/2021 14:25:00,07/24/2021,2465.0,156.7,hq2
2307,07/26/2021 22:20:00,07/27/2021 13:30:00,07/26/2021,910.0,49.3,hq2
2308,07/27/2021 15:55:00,07/28/2021 08:25:00,07/27/2021,990.0,43.80000000000001,hq2
2309,07/29/2021 14:35:00,07/29/2021 16:25:00,07/29/2021,110.0,19.4,hq2
2310,07/31/2021 09:40:00,07/31/2021 11:15:00,07/31/2021,95.0,40.1,hq2
2311,08/01/2021 08:05:00,08/01/2021 09:20:00,08/01/2021,75.0,1.8000000000000005,hq2
2312,08/01/2021 14:40:00,08/01/2021 16:45:00,08/01/2021,125.0,1.3000000000000005,hq2
2313,08/02/2021 23:50:00,08/03/2021 03:15:00,08/02/2021,205.0,0.6000000000000001,hq2
2314,08/03/2021 10:00:00,08/03/2021 11:55:00,08/03/2021,115.0,0.5,hq2
2315,08/03/2021 15:55:00,08/03/2021 15:55:00,08/03/2021,0.0,0.3,hq2
2316,08/10/2021 00:15:00,08/10/2021 00:15:00,08/10/2021,0.0,0.1,hq2
2317,08/10/2021 15:40:00,08/10/2021 18:45:00,08/10/2021,185.0,4.2,hq2
2318,08/11/2021 11:30:00,08/11/2021 17:00:00,08/11/2021,330.0,5.9,hq2
2319,08/11/2021 19:25:00,08/12/2021 01:50:00,08/11/2021,385.0,10.9,hq2
2320,08/12/2021 04:40:00,08/12/2021 04:40:00,08/12/2021,0.0,0.1,hq2
2321,08/12/2021 11:40:00,08/12/2021 14:30:00,08/12/2021,170.0,2.4,hq2
2322,08/13/2021 16:30:00,08/14/2021 12:05:00,08/13/2021,1175.0,47.00000000000001,hq2
2323,08/14/2021 14:20:00,08/14/2021 20:05:00,08/14/2021,345.0,2.5,hq2
2324,08/15/2021 01:05:00,08/15/2021 08:40:00,08/15/2021,455.0,50.3,hq2
2325,08/15/2021 13:25:00,08/15/2021 20:35:00,08/15/2021,430.0,3.7,hq2
2326,08/16/2021 06:25:00,08/16/2021 07:05:00,08/16/2021,40.0,1.0,hq2
2327,08/16/2021 12:25:00,08/17/2021 01:15:00,08/16/2021,770.0,19.7,hq2
2328,08/17/2021 11:20:00,08/17/2021 11:20:00,08/17/2021,0.0,0.3,hq2
2329,08/21/2021 06:25:00,08/21/2021 06:25:00,08/21/2021,0.0,0.1,hq2
2330,08/22/2021 13:25:00,08/22/2021 14:30:00,08/22/2021,65.0,2.5,hq2
2331,08/23/2021 19:55:00,08/23/2021 19:55:00,08/23/2021,0.0,0.2,hq2
2332,08/24/2021 08:25:00,08/24/2021 08:25:00,08/24/2021,0.0,0.8,hq2
2333,08/24/2021 21:05:00,08/24/2021 21:20:00,08/24/2021,15.0,0.2,hq2
2334,08/25/2021 03:50:00,08/25/2021 05:25:00,08/25/2021,95.0,0.7,hq2
2335,08/26/2021 22:20:00,08/26/2021 23:30:00,08/26/2021,70.0,36.4,hq2
2336,09/01/2021 18:05:00,09/01/2021 18:05:00,09/01/2021,0.0,0.1,hq2
2337,09/02/2021 14:45:00,09/02/2021 15:35:00,09/02/2021,50.0,1.0,hq2
2338,09/03/2021 02:40:00,09/03/2021 06:45:00,09/03/2021,245.0,26.5,hq2
2339,01/03/2016 06:10:00,01/03/2016 07:25:00,01/03/2016,75.0,0.7999999999999999,hq4
2340,01/04/2016 14:00:00,01/04/2016 14:15:00,01/04/2016,15.0,0.2,hq4
2341,01/04/2016 17:15:00,01/04/2016 17:15:00,01/04/2016,0.0,0.1,hq4
2342,01/05/2016 01:15:00,01/05/2016 02:10:00,01/05/2016,55.0,0.2,hq4
2343,01/05/2016 04:15:00,01/05/2016 07:10:00,01/05/2016,175.0,7.999999999999999,hq4
2344,01/06/2016 04:25:00,01/06/2016 08:50:00,01/06/2016,265.0,1.9000000000000004,hq4
2345,01/10/2016 19:05:00,01/11/2016 08:00:00,01/10/2016,775.0,5.699999999999999,hq4
2346,01/11/2016 10:40:00,01/11/2016 11:35:00,01/11/2016,55.0,0.4,hq4
2347,01/11/2016 15:55:00,01/11/2016 20:45:00,01/11/2016,290.0,2.4000000000000004,hq4
2348,01/11/2016 22:50:00,01/11/2016 22:50:00,01/11/2016,0.0,0.1,hq4
2349,01/16/2016 23:20:00,01/17/2016 08:45:00,01/16/2016,565.0,12.1,hq4
2350,01/20/2016 21:45:00,01/21/2016 19:35:00,01/20/2016,1310.0,9.399999999999997,hq4
2351,01/22/2016 12:55:00,01/23/2016 02:05:00,01/22/2016,790.0,6.599999999999999,hq4
2352,01/27/2016 09:40:00,01/27/2016 23:10:00,01/27/2016,810.0,6.799999999999997,hq4
2353,01/28/2016 04:15:00,01/28/2016 06:50:00,01/28/2016,155.0,0.6,hq4
2354,01/28/2016 10:05:00,01/29/2016 11:00:00,01/28/2016,1495.0,13.3,hq4
2355,01/29/2016 14:15:00,01/29/2016 14:15:00,01/29/2016,0.0,0.1,hq4
2356,01/31/2016 17:30:00,02/01/2016 05:10:00,01/31/2016,700.0,2.5000000000000004,hq4
2357,02/01/2016 09:45:00,02/01/2016 13:00:00,02/01/2016,195.0,3.6,hq4
2358,02/11/2016 11:30:00,02/11/2016 11:40:00,02/11/2016,10.0,0.2,hq4
2359,02/13/2016 09:00:00,02/13/2016 10:10:00,02/13/2016,70.0,0.5,hq4
2360,02/14/2016 02:25:00,02/14/2016 03:10:00,02/14/2016,45.0,0.4,hq4
2361,02/14/2016 05:15:00,02/14/2016 05:15:00,02/14/2016,0.0,0.1,hq4
2362,02/14/2016 07:30:00,02/14/2016 09:25:00,02/14/2016,115.0,1.0,hq4
2363,02/17/2016 14:00:00,02/17/2016 14:00:00,02/17/2016,0.0,0.1,hq4
2364,02/22/2016 06:50:00,02/22/2016 16:25:00,02/22/2016,575.0,12.2,hq4
2365,04/12/2016 13:55:00,04/12/2016 13:55:00,04/12/2016,0.0,1.0,hq4
2366,04/13/2016 05:30:00,04/13/2016 05:30:00,04/13/2016,0.0,0.1,hq4
2367,04/19/2016 09:10:00,04/19/2016 09:10:00,04/19/2016,0.0,0.1,hq4
2368,04/19/2016 16:40:00,04/19/2016 16:40:00,04/19/2016,0.0,0.1,hq4
2369,04/19/2016 19:05:00,04/19/2016 19:05:00,04/19/2016,0.0,0.1,hq4
2370,04/20/2016 14:15:00,04/21/2016 07:45:00,04/20/2016,1050.0,37.400000000000006,hq4
2371,04/23/2016 04:40:00,04/23/2016 04:40:00,04/23/2016,0.0,10.7,hq4
2372,04/23/2016 06:50:00,04/23/2016 18:05:00,04/23/2016,675.0,23.9,hq4
2373,04/24/2016 01:15:00,04/24/2016 01:30:00,04/24/2016,15.0,0.3,hq4
2374,04/24/2016 03:45:00,04/24/2016 04:20:00,04/24/2016,35.0,0.3,hq4
2375,04/24/2016 19:00:00,04/24/2016 22:45:00,04/24/2016,225.0,0.6,hq4
2376,04/25/2016 03:15:00,04/25/2016 07:55:00,04/25/2016,280.0,2.0000000000000004,hq4
2377,04/25/2016 12:20:00,04/25/2016 12:50:00,04/25/2016,30.0,0.3,hq4
2378,04/26/2016 06:55:00,04/26/2016 09:55:00,04/26/2016,180.0,7.1,hq4
2379,04/26/2016 18:35:00,04/27/2016 01:20:00,04/26/2016,405.0,1.6,hq4
2380,04/28/2016 04:20:00,04/28/2016 05:10:00,04/28/2016,50.0,0.2,hq4
2381,04/28/2016 09:50:00,04/28/2016 10:00:00,04/28/2016,10.0,0.4,hq4
2382,05/02/2016 10:40:00,05/02/2016 11:20:00,05/02/2016,40.0,2.6000000000000005,hq4
2383,05/02/2016 15:20:00,05/02/2016 15:20:00,05/02/2016,0.0,0.1,hq4
2384,05/02/2016 19:55:00,05/03/2016 00:10:00,05/02/2016,255.0,11.0,hq4
2385,05/05/2016 14:35:00,05/05/2016 16:55:00,05/05/2016,140.0,1.9000000000000004,hq4
2386,05/05/2016 20:15:00,05/05/2016 22:00:00,05/05/2016,105.0,1.1,hq4
2387,05/06/2016 07:50:00,05/06/2016 07:50:00,05/06/2016,0.0,0.5,hq4
2388,05/07/2016 15:25:00,05/07/2016 18:40:00,05/07/2016,195.0,3.200000000000001,hq4
2389,05/08/2016 06:05:00,05/08/2016 10:50:00,05/08/2016,285.0,0.5,hq4
2390,05/08/2016 18:00:00,05/08/2016 18:00:00,05/08/2016,0.0,0.1,hq4
2391,05/09/2016 12:25:00,05/09/2016 12:35:00,05/09/2016,10.0,0.4,hq4
2392,05/09/2016 15:25:00,05/09/2016 23:00:00,05/09/2016,455.0,5.5,hq4
2393,05/12/2016 20:00:00,05/12/2016 20:00:00,05/12/2016,0.0,0.1,hq4
2394,05/12/2016 22:20:00,05/12/2016 22:20:00,05/12/2016,0.0,0.1,hq4
2395,05/13/2016 08:10:00,05/13/2016 08:15:00,05/13/2016,5.0,0.4,hq4
2396,05/13/2016 13:10:00,05/13/2016 13:10:00,05/13/2016,0.0,0.1,hq4
2397,05/14/2016 08:05:00,05/14/2016 08:05:00,05/14/2016,0.0,0.1,hq4
2398,05/16/2016 10:50:00,05/16/2016 10:50:00,05/16/2016,0.0,0.1,hq4
2399,05/17/2016 07:55:00,05/17/2016 07:55:00,05/17/2016,0.0,0.1,hq4
2400,05/18/2016 08:15:00,05/18/2016 08:20:00,05/18/2016,5.0,0.5,hq4
2401,05/18/2016 14:15:00,05/18/2016 14:15:00,05/18/2016,0.0,0.1,hq4
2402,05/19/2016 11:05:00,05/19/2016 12:40:00,05/19/2016,95.0,14.8,hq4
2403,05/20/2016 11:15:00,05/20/2016 18:55:00,05/20/2016,460.0,3.0000000000000004,hq4
2404,05/20/2016 22:25:00,05/21/2016 18:35:00,05/20/2016,1210.0,11.1,hq4
2405,05/24/2016 11:20:00,05/24/2016 11:20:00,05/24/2016,0.0,0.1,hq4
2406,05/25/2016 23:30:00,05/25/2016 23:30:00,05/25/2016,0.0,0.1,hq4
2407,05/26/2016 06:15:00,05/26/2016 06:15:00,05/26/2016,0.0,0.1,hq4
2408,05/26/2016 09:30:00,05/26/2016 09:30:00,05/26/2016,0.0,0.1,hq4
2409,05/26/2016 13:10:00,05/26/2016 13:10:00,05/26/2016,0.0,0.1,hq4
2410,05/26/2016 18:05:00,05/26/2016 22:10:00,05/26/2016,245.0,1.2000000000000002,hq4
2411,05/27/2016 02:00:00,05/27/2016 12:50:00,05/27/2016,650.0,11.2,hq4
2412,05/28/2016 03:30:00,05/28/2016 05:15:00,05/28/2016,105.0,1.5000000000000002,hq4
2413,05/28/2016 07:55:00,05/29/2016 12:00:00,05/28/2016,1685.0,24.3,hq4
2414,05/31/2016 19:45:00,05/31/2016 20:10:00,05/31/2016,25.0,0.7999999999999999,hq4
2415,05/31/2016 23:30:00,06/01/2016 00:25:00,05/31/2016,55.0,22.600000000000005,hq4
2416,06/01/2016 04:00:00,06/01/2016 08:45:00,06/01/2016,285.0,13.7,hq4
2417,06/03/2016 03:30:00,06/03/2016 03:30:00,06/03/2016,0.0,0.1,hq4
2418,06/03/2016 05:50:00,06/03/2016 23:55:00,06/03/2016,1085.0,21.500000000000007,hq4
2419,06/06/2016 21:55:00,06/06/2016 21:55:00,06/06/2016,0.0,0.1,hq4
2420,06/07/2016 17:40:00,06/07/2016 17:50:00,06/07/2016,10.0,0.6,hq4
2421,06/08/2016 09:35:00,06/08/2016 09:35:00,06/08/2016,0.0,0.1,hq4
2422,06/08/2016 16:55:00,06/08/2016 17:55:00,06/08/2016,60.0,1.6000000000000003,hq4
2423,06/09/2016 03:10:00,06/09/2016 03:30:00,06/09/2016,20.0,0.3,hq4
2424,06/09/2016 05:55:00,06/09/2016 05:55:00,06/09/2016,0.0,0.1,hq4
2425,06/12/2016 02:15:00,06/12/2016 22:10:00,06/12/2016,1195.0,71.5,hq4
2426,06/13/2016 02:05:00,06/13/2016 02:05:00,06/13/2016,0.0,0.1,hq4
2427,06/13/2016 09:05:00,06/13/2016 09:05:00,06/13/2016,0.0,0.1,hq4
2428,06/15/2016 18:20:00,06/15/2016 18:20:00,06/15/2016,0.0,0.2,hq4
2429,06/15/2016 21:10:00,06/16/2016 01:05:00,06/15/2016,235.0,15.7,hq4
2430,06/16/2016 16:05:00,06/16/2016 16:45:00,06/16/2016,40.0,1.5000000000000002,hq4
2431,06/19/2016 21:20:00,06/19/2016 22:10:00,06/19/2016,50.0,0.4,hq4
2432,06/20/2016 01:10:00,06/20/2016 18:10:00,06/20/2016,1020.0,53.6,hq4
2433,06/22/2016 02:15:00,06/22/2016 03:10:00,06/22/2016,55.0,3.0,hq4
2434,06/22/2016 09:25:00,06/22/2016 14:45:00,06/22/2016,320.0,23.800000000000004,hq4
2435,06/25/2016 01:10:00,06/25/2016 02:00:00,06/25/2016,50.0,1.1000000000000003,hq4
2436,06/25/2016 06:45:00,06/25/2016 14:05:00,06/25/2016,440.0,10.3,hq4
2437,06/26/2016 08:30:00,06/26/2016 08:30:00,06/26/2016,0.0,0.1,hq4
2438,06/27/2016 00:05:00,06/27/2016 06:40:00,06/27/2016,395.0,9.4,hq4
2439,06/27/2016 12:45:00,06/27/2016 17:15:00,06/27/2016,270.0,3.8000000000000007,hq4
2440,06/28/2016 03:50:00,06/28/2016 09:20:00,06/28/2016,330.0,20.7,hq4
2441,06/28/2016 14:45:00,06/28/2016 16:45:00,06/28/2016,120.0,14.7,hq4
2442,06/28/2016 23:10:00,06/29/2016 11:25:00,06/28/2016,735.0,10.6,hq4
2443,07/01/2016 02:25:00,07/01/2016 05:15:00,07/01/2016,170.0,1.1,hq4
2444,07/02/2016 03:05:00,07/02/2016 10:00:00,07/02/2016,415.0,10.7,hq4
2445,07/02/2016 16:15:00,07/03/2016 01:05:00,07/02/2016,530.0,33.4,hq4
2446,07/03/2016 04:15:00,07/03/2016 06:00:00,07/03/2016,105.0,0.8,hq4
2447,07/03/2016 13:30:00,07/03/2016 13:45:00,07/03/2016,15.0,0.2,hq4
2448,07/03/2016 16:10:00,07/03/2016 18:00:00,07/03/2016,110.0,0.6,hq4
2449,07/04/2016 02:55:00,07/04/2016 04:45:00,07/04/2016,110.0,0.7,hq4
2450,07/05/2016 14:45:00,07/05/2016 17:55:00,07/05/2016,190.0,4.699999999999999,hq4
2451,07/07/2016 04:05:00,07/07/2016 04:15:00,07/07/2016,10.0,0.4,hq4
2452,07/09/2016 11:15:00,07/09/2016 11:15:00,07/09/2016,0.0,0.1,hq4
2453,07/10/2016 02:55:00,07/10/2016 03:10:00,07/10/2016,15.0,0.6,hq4
2454,07/10/2016 14:35:00,07/11/2016 09:20:00,07/10/2016,1125.0,7.9999999999999964,hq4
2455,07/11/2016 13:45:00,07/11/2016 15:00:00,07/11/2016,75.0,0.4,hq4
2456,07/11/2016 17:20:00,07/11/2016 17:20:00,07/11/2016,0.0,0.1,hq4
2457,07/12/2016 06:30:00,07/12/2016 06:30:00,07/12/2016,0.0,0.1,hq4
2458,07/13/2016 18:45:00,07/13/2016 20:00:00,07/13/2016,75.0,2.9000000000000004,hq4
2459,07/14/2016 01:40:00,07/14/2016 01:45:00,07/14/2016,5.0,0.3,hq4
2460,07/14/2016 10:15:00,07/14/2016 15:15:00,07/14/2016,300.0,30.200000000000003,hq4
2461,07/14/2016 22:50:00,07/14/2016 23:25:00,07/14/2016,35.0,0.4,hq4
2462,07/15/2016 14:50:00,07/15/2016 14:50:00,07/15/2016,0.0,0.2,hq4
2463,07/15/2016 17:05:00,07/15/2016 20:10:00,07/15/2016,185.0,5.499999999999999,hq4
2464,07/16/2016 04:00:00,07/16/2016 07:10:00,07/16/2016,190.0,11.599999999999998,hq4
2465,07/19/2016 08:25:00,07/19/2016 08:30:00,07/19/2016,5.0,0.2,hq4
2466,07/28/2016 15:00:00,07/28/2016 15:55:00,07/28/2016,55.0,6.5,hq4
2467,07/29/2016 13:30:00,07/29/2016 15:20:00,07/29/2016,110.0,34.4,hq4
2468,08/02/2016 18:45:00,08/02/2016 19:25:00,08/02/2016,40.0,3.0,hq4
2469,08/02/2016 22:50:00,08/03/2016 04:50:00,08/02/2016,360.0,6.499999999999999,hq4
2470,08/03/2016 12:15:00,08/03/2016 15:05:00,08/03/2016,170.0,0.6,hq4
2471,08/03/2016 17:55:00,08/03/2016 18:10:00,08/03/2016,15.0,0.2,hq4
2472,08/03/2016 21:50:00,08/03/2016 22:30:00,08/03/2016,40.0,0.4,hq4
2473,08/04/2016 11:55:00,08/04/2016 14:50:00,08/04/2016,175.0,40.3,hq4
2474,08/09/2016 13:15:00,08/09/2016 13:15:00,08/09/2016,0.0,0.4,hq4
2475,08/09/2016 15:40:00,08/09/2016 19:00:00,08/09/2016,200.0,5.899999999999999,hq4
2476,08/10/2016 00:45:00,08/10/2016 00:45:00,08/10/2016,0.0,0.1,hq4
2477,08/10/2016 03:00:00,08/10/2016 04:40:00,08/10/2016,100.0,0.3,hq4
2478,08/19/2016 14:45:00,08/19/2016 16:55:00,08/19/2016,130.0,42.6,hq4
2479,08/26/2016 00:45:00,08/26/2016 02:10:00,08/26/2016,85.0,26.5,hq4
2480,09/02/2016 18:00:00,09/02/2016 18:20:00,09/02/2016,20.0,0.5,hq4
2481,09/02/2016 20:55:00,09/02/2016 21:50:00,09/02/2016,55.0,0.7000000000000001,hq4
2482,09/03/2016 00:15:00,09/03/2016 00:15:00,09/03/2016,0.0,0.1,hq4
2483,09/06/2016 13:50:00,09/06/2016 16:25:00,09/06/2016,155.0,0.3,hq4
2484,09/07/2016 02:40:00,09/07/2016 10:45:00,09/07/2016,485.0,30.90000000000001,hq4
2485,09/07/2016 14:15:00,09/07/2016 15:50:00,09/07/2016,95.0,1.3,hq4
2486,09/07/2016 18:30:00,09/07/2016 18:30:00,09/07/2016,0.0,0.1,hq4
2487,09/11/2016 11:05:00,09/11/2016 22:00:00,09/11/2016,655.0,5.299999999999998,hq4
2488,09/14/2016 02:05:00,09/14/2016 12:40:00,09/14/2016,635.0,27.30000000000001,hq4
2489,09/14/2016 14:45:00,09/14/2016 15:20:00,09/14/2016,35.0,1.0,hq4
2490,09/14/2016 18:20:00,09/14/2016 20:40:00,09/14/2016,140.0,0.6,hq4
2491,09/14/2016 22:50:00,09/16/2016 08:30:00,09/14/2016,2020.0,94.7,hq4
2492,09/16/2016 12:00:00,09/16/2016 12:25:00,09/16/2016,25.0,0.3,hq4
2493,09/16/2016 15:30:00,09/16/2016 15:30:00,09/16/2016,0.0,0.2,hq4
2494,09/16/2016 17:50:00,09/16/2016 20:05:00,09/16/2016,135.0,8.1,hq4
2495,09/17/2016 05:30:00,09/17/2016 05:30:00,09/17/2016,0.0,0.1,hq4
2496,09/18/2016 05:35:00,09/18/2016 05:35:00,09/18/2016,0.0,0.1,hq4
2497,09/19/2016 10:00:00,09/19/2016 10:00:00,09/19/2016,0.0,0.1,hq4
2498,09/21/2016 17:50:00,09/21/2016 19:00:00,09/21/2016,70.0,0.8999999999999999,hq4
2499,09/28/2016 01:25:00,09/28/2016 02:10:00,09/28/2016,45.0,1.6,hq4
2500,09/28/2016 06:45:00,09/28/2016 06:45:00,09/28/2016,0.0,0.1,hq4
2501,09/28/2016 09:10:00,09/28/2016 09:30:00,09/28/2016,20.0,10.8,hq4
2502,09/28/2016 14:25:00,09/28/2016 14:25:00,09/28/2016,0.0,0.1,hq4
2503,09/28/2016 19:45:00,09/28/2016 22:20:00,09/28/2016,155.0,0.7,hq4
2504,09/29/2016 04:30:00,09/29/2016 04:30:00,09/29/2016,0.0,0.1,hq4
2505,09/29/2016 07:35:00,09/30/2016 01:10:00,09/29/2016,1055.0,9.9,hq4
2506,09/30/2016 05:05:00,09/30/2016 06:25:00,09/30/2016,80.0,0.2,hq4
2507,10/01/2016 02:25:00,10/01/2016 02:25:00,10/01/2016,0.0,0.1,hq4
2508,10/02/2016 20:55:00,10/02/2016 23:05:00,10/02/2016,130.0,11.4,hq4
2509,10/03/2016 03:15:00,10/03/2016 05:35:00,10/03/2016,140.0,9.499999999999998,hq4
2510,10/03/2016 13:50:00,10/03/2016 13:50:00,10/03/2016,0.0,0.1,hq4
2511,10/04/2016 16:30:00,10/04/2016 19:50:00,10/04/2016,200.0,0.5,hq4
2512,10/06/2016 16:45:00,10/06/2016 19:10:00,10/06/2016,145.0,1.1,hq4
2513,10/06/2016 23:20:00,10/07/2016 00:20:00,10/06/2016,60.0,1.3000000000000005,hq4
2514,10/07/2016 05:35:00,10/07/2016 05:35:00,10/07/2016,0.0,0.1,hq4
2515,10/07/2016 12:50:00,10/07/2016 12:50:00,10/07/2016,0.0,0.1,hq4
2516,10/08/2016 00:00:00,10/08/2016 08:45:00,10/08/2016,525.0,22.200000000000003,hq4
2517,10/12/2016 04:50:00,10/12/2016 06:00:00,10/12/2016,70.0,0.7999999999999999,hq4
2518,10/12/2016 10:55:00,10/12/2016 10:55:00,10/12/2016,0.0,0.1,hq4
2519,10/19/2016 10:05:00,10/19/2016 10:45:00,10/19/2016,40.0,0.2,hq4
2520,10/19/2016 20:10:00,10/19/2016 20:25:00,10/19/2016,15.0,0.2,hq4
2521,10/20/2016 05:00:00,10/20/2016 08:10:00,10/20/2016,190.0,2.2,hq4
2522,10/20/2016 10:15:00,10/20/2016 17:20:00,10/20/2016,425.0,3.2,hq4
2523,10/21/2016 00:40:00,10/21/2016 18:05:00,10/21/2016,1045.0,22.60000000000001,hq4
2524,10/21/2016 20:15:00,10/21/2016 20:35:00,10/21/2016,20.0,0.6,hq4
2525,10/21/2016 23:25:00,10/22/2016 11:45:00,10/21/2016,740.0,27.4,hq4
2526,10/22/2016 15:15:00,10/22/2016 23:00:00,10/22/2016,465.0,34.90000000000001,hq4
2527,10/23/2016 01:30:00,10/23/2016 03:20:00,10/23/2016,110.0,0.5,hq4
2528,10/23/2016 05:30:00,10/23/2016 05:55:00,10/23/2016,25.0,0.4,hq4
2529,10/26/2016 00:35:00,10/26/2016 10:10:00,10/26/2016,575.0,28.3,hq4
2530,10/26/2016 13:55:00,10/27/2016 05:15:00,10/26/2016,920.0,19.500000000000007,hq4
2531,10/27/2016 11:50:00,10/27/2016 14:20:00,10/27/2016,150.0,0.6,hq4
2532,10/28/2016 15:05:00,10/28/2016 16:45:00,10/28/2016,100.0,0.4,hq4
2533,10/29/2016 01:15:00,10/29/2016 01:15:00,10/29/2016,0.0,0.1,hq4
2534,10/31/2016 02:20:00,10/31/2016 09:25:00,10/31/2016,425.0,5.2,hq4
2535,11/01/2016 00:25:00,11/01/2016 00:55:00,11/01/2016,30.0,0.5,hq4
2536,11/01/2016 06:20:00,11/01/2016 06:20:00,11/01/2016,0.0,0.1,hq4
2537,11/01/2016 10:40:00,11/01/2016 11:20:00,11/01/2016,40.0,0.2,hq4
2538,11/07/2016 17:15:00,11/08/2016 08:40:00,11/07/2016,925.0,12.6,hq4
2539,11/13/2016 06:20:00,11/13/2016 07:10:00,11/13/2016,50.0,0.6,hq4
2540,11/13/2016 23:35:00,11/14/2016 00:15:00,11/13/2016,40.0,0.2,hq4
2541,11/14/2016 05:45:00,11/14/2016 07:35:00,11/14/2016,110.0,0.2,hq4
2542,11/16/2016 17:35:00,11/16/2016 19:05:00,11/16/2016,90.0,0.3,hq4
2543,11/17/2016 01:50:00,11/17/2016 13:00:00,11/17/2016,670.0,5.300000000000001,hq4
2544,11/17/2016 18:10:00,11/17/2016 18:10:00,11/17/2016,0.0,0.1,hq4
2545,11/19/2016 23:40:00,11/20/2016 04:40:00,11/19/2016,300.0,11.1,hq4
2546,11/20/2016 18:45:00,11/20/2016 18:45:00,11/20/2016,0.0,0.1,hq4
2547,11/21/2016 07:00:00,11/21/2016 07:45:00,11/21/2016,45.0,1.0,hq4
2548,11/21/2016 12:30:00,11/21/2016 16:20:00,11/21/2016,230.0,5.699999999999999,hq4
2549,11/22/2016 03:20:00,11/22/2016 05:20:00,11/22/2016,120.0,0.3,hq4
2550,11/22/2016 10:35:00,11/22/2016 11:35:00,11/22/2016,60.0,0.5,hq4
2551,11/22/2016 14:30:00,11/22/2016 16:35:00,11/22/2016,125.0,0.4,hq4
2552,11/23/2016 07:20:00,11/23/2016 22:05:00,11/23/2016,885.0,4.999999999999998,hq4
2553,11/24/2016 09:50:00,11/24/2016 09:50:00,11/24/2016,0.0,0.1,hq4
2554,11/25/2016 23:45:00,11/26/2016 13:00:00,11/25/2016,795.0,12.4,hq4
2555,12/04/2016 01:30:00,12/04/2016 01:50:00,12/04/2016,20.0,0.3,hq4
2556,12/04/2016 04:25:00,12/04/2016 07:10:00,12/04/2016,165.0,0.4,hq4
2557,12/04/2016 12:25:00,12/04/2016 12:25:00,12/04/2016,0.0,0.1,hq4
2558,12/13/2016 07:40:00,12/13/2016 15:20:00,12/13/2016,460.0,4.999999999999999,hq4
2559,12/13/2016 17:35:00,12/13/2016 18:15:00,12/13/2016,40.0,0.4,hq4
2560,12/14/2016 06:20:00,12/14/2016 06:20:00,12/14/2016,0.0,0.1,hq4
2561,12/16/2016 12:25:00,12/16/2016 12:30:00,12/16/2016,5.0,2.2,hq4
2562,12/20/2016 04:50:00,12/20/2016 08:20:00,12/20/2016,210.0,2.9000000000000004,hq4
2563,12/20/2016 16:25:00,12/20/2016 16:25:00,12/20/2016,0.0,0.1,hq4
2564,12/20/2016 21:10:00,12/21/2016 02:10:00,12/20/2016,300.0,1.5000000000000002,hq4
2565,12/21/2016 09:55:00,12/21/2016 13:10:00,12/21/2016,195.0,1.3000000000000005,hq4
2566,12/21/2016 20:00:00,12/21/2016 22:50:00,12/21/2016,170.0,2.4000000000000004,hq4
2567,12/25/2016 08:35:00,12/26/2016 09:40:00,12/25/2016,1505.0,29.8,hq4
2568,12/26/2016 12:05:00,12/26/2016 20:45:00,12/26/2016,520.0,4.499999999999999,hq4
2569,12/27/2016 14:25:00,12/27/2016 14:35:00,12/27/2016,10.0,0.9,hq4
2570,01/04/2017 20:25:00,01/04/2017 21:35:00,01/04/2017,70.0,0.2,hq4
2571,01/05/2017 01:15:00,01/06/2017 05:10:00,01/05/2017,1675.0,31.5,hq4
2572,01/06/2017 07:30:00,01/06/2017 07:30:00,01/06/2017,0.0,0.1,hq4
2573,01/06/2017 11:50:00,01/06/2017 11:55:00,01/06/2017,5.0,0.2,hq4
2574,01/06/2017 15:35:00,01/07/2017 06:05:00,01/06/2017,870.0,26.20000000000001,hq4
2575,01/07/2017 09:05:00,01/07/2017 19:30:00,01/07/2017,625.0,10.999999999999998,hq4
2576,01/08/2017 22:45:00,01/08/2017 22:45:00,01/08/2017,0.0,0.1,hq4
2577,01/12/2017 05:55:00,01/12/2017 06:45:00,01/12/2017,50.0,0.5,hq4
2578,01/18/2017 00:40:00,01/18/2017 06:40:00,01/18/2017,360.0,2.5000000000000004,hq4
2579,01/18/2017 09:50:00,01/18/2017 11:50:00,01/18/2017,120.0,0.7,hq4
2580,01/18/2017 16:40:00,01/18/2017 20:55:00,01/18/2017,255.0,0.9,hq4
2581,01/29/2017 21:40:00,01/29/2017 23:30:00,01/29/2017,110.0,0.6,hq4
2582,02/03/2017 09:25:00,02/03/2017 10:15:00,02/03/2017,50.0,0.7999999999999999,hq4
2583,02/03/2017 19:35:00,02/04/2017 02:55:00,02/03/2017,440.0,3.8,hq4
2584,02/08/2017 01:30:00,02/08/2017 01:40:00,02/08/2017,10.0,0.2,hq4
2585,02/08/2017 06:05:00,02/08/2017 17:15:00,02/08/2017,670.0,5.199999999999999,hq4
2586,02/08/2017 23:05:00,02/08/2017 23:25:00,02/08/2017,20.0,0.2,hq4
2587,02/09/2017 08:15:00,02/09/2017 08:15:00,02/09/2017,0.0,0.1,hq4
2588,02/17/2017 22:05:00,02/17/2017 22:35:00,02/17/2017,30.0,0.6,hq4
2589,02/18/2017 02:25:00,02/18/2017 02:25:00,02/18/2017,0.0,0.1,hq4
2590,02/22/2017 01:45:00,02/22/2017 03:55:00,02/22/2017,130.0,6.199999999999998,hq4
2591,02/22/2017 06:05:00,02/22/2017 06:20:00,02/22/2017,15.0,0.3,hq4
2592,02/22/2017 10:15:00,02/22/2017 17:55:00,02/22/2017,460.0,2.900000000000001,hq4
2593,03/01/2017 17:30:00,03/01/2017 17:35:00,03/01/2017,5.0,0.4,hq4
2594,03/04/2017 23:15:00,03/05/2017 06:45:00,03/04/2017,450.0,4.5,hq4
2595,03/06/2017 00:05:00,03/06/2017 00:05:00,03/06/2017,0.0,0.1,hq4
2596,03/12/2017 13:05:00,03/13/2017 20:05:00,03/12/2017,1860.0,28.200000000000006,hq4
2597,03/19/2017 11:25:00,03/19/2017 15:50:00,03/19/2017,265.0,6.8,hq4
2598,03/20/2017 00:45:00,03/20/2017 06:55:00,03/20/2017,370.0,13.999999999999998,hq4
2599,03/20/2017 10:00:00,03/20/2017 11:35:00,03/20/2017,95.0,0.6,hq4
2600,03/20/2017 17:40:00,03/20/2017 21:25:00,03/20/2017,225.0,1.1,hq4
2601,03/22/2017 05:40:00,03/22/2017 18:10:00,03/22/2017,750.0,6.6999999999999975,hq4
2602,03/22/2017 20:25:00,03/23/2017 01:00:00,03/22/2017,275.0,2.7000000000000006,hq4
2603,03/23/2017 04:30:00,03/23/2017 05:10:00,03/23/2017,40.0,0.2,hq4
2604,03/23/2017 08:00:00,03/23/2017 08:00:00,03/23/2017,0.0,0.1,hq4
2605,03/24/2017 16:15:00,03/24/2017 22:05:00,03/24/2017,350.0,4.9,hq4
2606,03/25/2017 10:20:00,03/25/2017 10:20:00,03/25/2017,0.0,0.1,hq4
2607,03/30/2017 09:05:00,03/30/2017 11:10:00,03/30/2017,125.0,0.3,hq4
2608,03/30/2017 13:35:00,03/31/2017 05:45:00,03/30/2017,970.0,19.300000000000008,hq4
2609,04/05/2017 04:25:00,04/05/2017 04:25:00,04/05/2017,0.0,0.2,hq4
2610,04/05/2017 07:10:00,04/05/2017 07:10:00,04/05/2017,0.0,0.1,hq4
2611,04/05/2017 18:20:00,04/05/2017 18:50:00,04/05/2017,30.0,0.3,hq4
2612,04/05/2017 22:00:00,04/05/2017 22:50:00,04/05/2017,50.0,0.2,hq4
2613,04/06/2017 14:15:00,04/06/2017 19:25:00,04/06/2017,310.0,1.8000000000000005,hq4
2614,04/07/2017 02:25:00,04/07/2017 10:45:00,04/07/2017,500.0,19.000000000000004,hq4
2615,04/07/2017 16:15:00,04/07/2017 16:55:00,04/07/2017,40.0,0.3,hq4
2616,04/08/2017 10:35:00,04/08/2017 10:35:00,04/08/2017,0.0,0.1,hq4
2617,04/09/2017 02:35:00,04/09/2017 08:35:00,04/09/2017,360.0,12.1,hq4
2618,04/09/2017 11:20:00,04/09/2017 13:25:00,04/09/2017,125.0,1.3000000000000005,hq4
2619,04/09/2017 23:25:00,04/10/2017 10:20:00,04/09/2017,655.0,15.6,hq4
2620,04/10/2017 16:25:00,04/11/2017 01:35:00,04/10/2017,550.0,12.8,hq4
2621,04/11/2017 07:15:00,04/11/2017 07:15:00,04/11/2017,0.0,0.1,hq4
2622,04/17/2017 04:00:00,04/17/2017 05:50:00,04/17/2017,110.0,0.7999999999999999,hq4
2623,04/17/2017 07:55:00,04/17/2017 09:10:00,04/17/2017,75.0,21.0,hq4
2624,04/19/2017 23:20:00,04/20/2017 04:05:00,04/19/2017,285.0,2.3000000000000007,hq4
2625,04/25/2017 18:25:00,04/26/2017 06:35:00,04/25/2017,730.0,16.099999999999998,hq4
2626,05/02/2017 05:35:00,05/02/2017 09:45:00,05/02/2017,250.0,1.6000000000000003,hq4
2627,05/02/2017 14:35:00,05/02/2017 14:35:00,05/02/2017,0.0,0.1,hq4
2628,05/04/2017 07:45:00,05/04/2017 10:25:00,05/04/2017,160.0,1.8,hq4
2629,05/04/2017 13:15:00,05/04/2017 13:15:00,05/04/2017,0.0,0.1,hq4
2630,05/08/2017 08:40:00,05/08/2017 12:05:00,05/08/2017,205.0,3.3000000000000003,hq4
2631,05/08/2017 15:15:00,05/08/2017 15:15:00,05/08/2017,0.0,0.1,hq4
2632,05/08/2017 18:00:00,05/08/2017 19:05:00,05/08/2017,65.0,0.2,hq4
2633,05/11/2017 21:20:00,05/11/2017 21:20:00,05/11/2017,0.0,0.1,hq4
2634,05/12/2017 00:50:00,05/12/2017 14:10:00,05/12/2017,800.0,19.1,hq4
2635,05/12/2017 19:00:00,05/12/2017 19:00:00,05/12/2017,0.0,0.1,hq4
2636,05/23/2017 11:25:00,05/23/2017 23:00:00,05/23/2017,695.0,20.100000000000005,hq4
2637,05/24/2017 04:45:00,05/24/2017 05:35:00,05/24/2017,50.0,0.2,hq4
2638,06/01/2017 14:45:00,06/01/2017 16:15:00,06/01/2017,90.0,1.3000000000000005,hq4
2639,06/05/2017 10:45:00,06/06/2017 03:15:00,06/05/2017,990.0,31.4,hq4
2640,06/06/2017 06:30:00,06/06/2017 06:30:00,06/06/2017,0.0,0.1,hq4
2641,06/10/2017 03:15:00,06/10/2017 11:50:00,06/10/2017,515.0,39.400000000000006,hq4
2642,06/10/2017 16:40:00,06/10/2017 22:40:00,06/10/2017,360.0,21.700000000000003,hq4
2643,06/11/2017 00:45:00,06/11/2017 00:45:00,06/11/2017,0.0,0.1,hq4
2644,06/11/2017 03:40:00,06/11/2017 03:40:00,06/11/2017,0.0,0.1,hq4
2645,06/12/2017 00:40:00,06/12/2017 00:40:00,06/12/2017,0.0,0.1,hq4
2646,06/12/2017 03:40:00,06/12/2017 11:35:00,06/12/2017,475.0,15.299999999999995,hq4
2647,06/13/2017 04:25:00,06/13/2017 06:35:00,06/13/2017,130.0,1.6000000000000003,hq4
2648,06/13/2017 09:00:00,06/13/2017 09:40:00,06/13/2017,40.0,0.6,hq4
2649,06/13/2017 11:55:00,06/13/2017 18:25:00,06/13/2017,390.0,15.000000000000002,hq4
2650,06/19/2017 10:25:00,06/20/2017 04:05:00,06/19/2017,1060.0,26.10000000000001,hq4
2651,06/20/2017 17:50:00,06/20/2017 18:45:00,06/20/2017,55.0,2.7,hq4
2652,06/21/2017 12:00:00,06/21/2017 13:00:00,06/21/2017,60.0,1.1,hq4
2653,06/21/2017 16:35:00,06/21/2017 16:35:00,06/21/2017,0.0,0.1,hq4
2654,06/22/2017 01:40:00,06/22/2017 03:25:00,06/22/2017,105.0,5.199999999999999,hq4
2655,06/22/2017 07:45:00,06/22/2017 07:45:00,06/22/2017,0.0,0.1,hq4
2656,06/23/2017 14:00:00,06/23/2017 18:10:00,06/23/2017,250.0,1.9,hq4
2657,06/23/2017 21:15:00,06/24/2017 01:05:00,06/23/2017,230.0,3.9,hq4
2658,06/24/2017 08:10:00,06/24/2017 11:20:00,06/24/2017,190.0,2.0,hq4
2659,06/24/2017 14:35:00,06/24/2017 14:35:00,06/24/2017,0.0,6.7,hq4
2660,06/25/2017 08:40:00,06/25/2017 11:50:00,06/25/2017,190.0,1.7000000000000004,hq4
2661,06/25/2017 17:20:00,06/25/2017 18:20:00,06/25/2017,60.0,23.1,hq4
2662,06/27/2017 12:30:00,06/27/2017 14:00:00,06/27/2017,90.0,7.6,hq4
2663,06/28/2017 23:40:00,06/29/2017 00:00:00,06/28/2017,20.0,0.2,hq4
2664,06/29/2017 22:15:00,06/29/2017 23:20:00,06/29/2017,65.0,1.7000000000000002,hq4
2665,06/30/2017 18:20:00,06/30/2017 19:40:00,06/30/2017,80.0,0.9,hq4
2666,06/30/2017 23:15:00,06/30/2017 23:45:00,06/30/2017,30.0,4.9,hq4
2667,07/01/2017 20:05:00,07/01/2017 20:20:00,07/01/2017,15.0,0.4,hq4
2668,07/02/2017 22:30:00,07/03/2017 01:00:00,07/02/2017,150.0,2.7,hq4
2669,07/05/2017 17:25:00,07/06/2017 00:30:00,07/05/2017,425.0,55.2,hq4
2670,07/10/2017 16:10:00,07/10/2017 20:35:00,07/10/2017,265.0,2.9000000000000004,hq4
2671,07/11/2017 08:20:00,07/11/2017 08:20:00,07/11/2017,0.0,0.1,hq4
2672,07/22/2017 13:50:00,07/22/2017 14:05:00,07/22/2017,15.0,2.1,hq4
2673,07/29/2017 14:40:00,07/29/2017 15:10:00,07/29/2017,30.0,3.5000000000000004,hq4
2674,07/30/2017 18:00:00,07/30/2017 19:40:00,07/30/2017,100.0,1.9000000000000004,hq4
2675,07/31/2017 20:45:00,07/31/2017 20:45:00,07/31/2017,0.0,0.1,hq4
2676,08/05/2017 12:25:00,08/05/2017 13:40:00,08/05/2017,75.0,37.0,hq4
2677,08/07/2017 22:00:00,08/08/2017 01:10:00,08/07/2017,190.0,24.000000000000004,hq4
2678,08/08/2017 12:25:00,08/08/2017 14:10:00,08/08/2017,105.0,2.3000000000000003,hq4
2679,08/08/2017 19:35:00,08/08/2017 22:20:00,08/08/2017,165.0,6.6,hq4
2680,08/09/2017 08:45:00,08/09/2017 11:05:00,08/09/2017,140.0,18.200000000000003,hq4
2681,08/09/2017 13:40:00,08/09/2017 13:40:00,08/09/2017,0.0,0.1,hq4
2682,08/12/2017 10:30:00,08/12/2017 13:15:00,08/12/2017,165.0,0.4,hq4
2683,08/12/2017 20:25:00,08/12/2017 20:35:00,08/12/2017,10.0,0.2,hq4
2684,08/13/2017 21:55:00,08/14/2017 01:25:00,08/13/2017,210.0,21.9,hq4
2685,08/15/2017 01:30:00,08/15/2017 07:40:00,08/15/2017,370.0,4.6,hq4
2686,08/15/2017 23:10:00,08/16/2017 00:15:00,08/15/2017,65.0,0.2,hq4
2687,08/16/2017 07:40:00,08/16/2017 08:00:00,08/16/2017,20.0,0.2,hq4
2688,08/17/2017 21:15:00,08/18/2017 01:25:00,08/17/2017,250.0,6.799999999999999,hq4
2689,08/19/2017 23:10:00,08/19/2017 23:45:00,08/19/2017,35.0,6.0,hq4
2690,08/20/2017 03:15:00,08/20/2017 05:05:00,08/20/2017,110.0,9.7,hq4
2691,08/20/2017 13:50:00,08/20/2017 14:35:00,08/20/2017,45.0,4.2,hq4
2692,08/21/2017 13:30:00,08/21/2017 15:55:00,08/21/2017,145.0,8.6,hq4
2693,09/07/2017 07:20:00,09/07/2017 07:20:00,09/07/2017,0.0,0.1,hq4
2694,09/07/2017 11:05:00,09/07/2017 15:55:00,09/07/2017,290.0,4.299999999999999,hq4
2695,09/07/2017 20:10:00,09/07/2017 20:35:00,09/07/2017,25.0,0.4,hq4
2696,09/09/2017 09:45:00,09/09/2017 11:50:00,09/09/2017,125.0,3.3000000000000003,hq4
2697,09/10/2017 19:55:00,09/10/2017 20:15:00,09/10/2017,20.0,0.2,hq4
2698,09/11/2017 01:25:00,09/11/2017 01:30:00,09/11/2017,5.0,0.8,hq4
2699,09/11/2017 11:15:00,09/11/2017 18:35:00,09/11/2017,440.0,9.5,hq4
2700,09/12/2017 08:45:00,09/12/2017 08:45:00,09/12/2017,0.0,0.1,hq4
2701,09/14/2017 21:25:00,09/14/2017 23:55:00,09/14/2017,150.0,0.5,hq4
2702,09/15/2017 03:40:00,09/15/2017 03:40:00,09/15/2017,0.0,0.1,hq4
2703,09/15/2017 17:00:00,09/15/2017 22:10:00,09/15/2017,310.0,1.8,hq4
2704,09/16/2017 02:05:00,09/16/2017 02:05:00,09/16/2017,0.0,0.1,hq4
2705,09/19/2017 22:45:00,09/20/2017 09:15:00,09/19/2017,630.0,4.3,hq4
2706,09/20/2017 12:00:00,09/21/2017 00:05:00,09/20/2017,725.0,28.4,hq4
2707,09/21/2017 02:35:00,09/21/2017 06:25:00,09/21/2017,230.0,0.5,hq4
2708,09/21/2017 11:25:00,09/21/2017 11:35:00,09/21/2017,10.0,0.3,hq4
2709,09/21/2017 13:50:00,09/21/2017 14:40:00,09/21/2017,50.0,0.4,hq4
2710,09/21/2017 18:05:00,09/21/2017 20:10:00,09/21/2017,125.0,0.3,hq4
2711,09/22/2017 11:40:00,09/22/2017 11:40:00,09/22/2017,0.0,0.1,hq4
2712,09/23/2017 03:50:00,09/23/2017 06:50:00,09/23/2017,180.0,0.4,hq4
2713,09/23/2017 09:50:00,09/23/2017 12:00:00,09/23/2017,130.0,2.500000000000001,hq4
2714,09/23/2017 14:35:00,09/23/2017 14:35:00,09/23/2017,0.0,0.1,hq4
2715,09/23/2017 23:30:00,09/24/2017 22:30:00,09/23/2017,1380.0,41.7,hq4
2716,09/25/2017 02:05:00,09/25/2017 02:50:00,09/25/2017,45.0,18.7,hq4
2717,09/25/2017 08:35:00,09/25/2017 20:05:00,09/25/2017,690.0,83.7,hq4
2718,09/25/2017 22:30:00,09/26/2017 00:10:00,09/25/2017,100.0,7.0,hq4
2719,09/26/2017 05:30:00,09/26/2017 05:30:00,09/26/2017,0.0,0.1,hq4
2720,09/28/2017 08:05:00,09/28/2017 08:55:00,09/28/2017,50.0,0.7999999999999999,hq4
2721,09/29/2017 22:45:00,09/30/2017 00:30:00,09/29/2017,105.0,0.7,hq4
2722,09/30/2017 02:50:00,09/30/2017 03:15:00,09/30/2017,25.0,0.2,hq4
2723,09/30/2017 05:40:00,09/30/2017 09:30:00,09/30/2017,230.0,1.4,hq4
2724,09/30/2017 13:20:00,09/30/2017 20:05:00,09/30/2017,405.0,24.3,hq4
2725,10/01/2017 19:00:00,10/01/2017 19:50:00,10/01/2017,50.0,2.5000000000000004,hq4
2726,10/02/2017 00:25:00,10/02/2017 00:25:00,10/02/2017,0.0,0.1,hq4
2727,10/02/2017 14:35:00,10/02/2017 18:25:00,10/02/2017,230.0,6.6,hq4
2728,10/05/2017 09:40:00,10/05/2017 09:55:00,10/05/2017,15.0,0.6000000000000001,hq4
2729,10/05/2017 12:35:00,10/05/2017 12:35:00,10/05/2017,0.0,0.1,hq4
2730,10/11/2017 00:20:00,10/11/2017 04:05:00,10/11/2017,225.0,36.5,hq4
2731,10/11/2017 07:55:00,10/11/2017 12:50:00,10/11/2017,295.0,5.1,hq4
2732,10/11/2017 16:05:00,10/11/2017 17:00:00,10/11/2017,55.0,0.3,hq4
2733,10/12/2017 13:05:00,10/12/2017 13:10:00,10/12/2017,5.0,0.2,hq4
2734,10/12/2017 16:50:00,10/12/2017 17:15:00,10/12/2017,25.0,0.2,hq4
2735,10/12/2017 21:05:00,10/12/2017 21:20:00,10/12/2017,15.0,0.4,hq4
2736,10/14/2017 16:20:00,10/14/2017 16:20:00,10/14/2017,0.0,0.1,hq4
2737,10/14/2017 20:35:00,10/14/2017 20:45:00,10/14/2017,10.0,0.4,hq4
2738,10/14/2017 23:10:00,10/15/2017 08:15:00,10/14/2017,545.0,3.600000000000001,hq4
2739,10/15/2017 12:20:00,10/16/2017 23:45:00,10/15/2017,2125.0,35.7,hq4
2740,11/13/2017 17:10:00,11/13/2017 22:45:00,11/13/2017,335.0,9.999999999999998,hq4
2741,11/14/2017 04:45:00,11/14/2017 06:10:00,11/14/2017,85.0,0.3,hq4
2742,11/14/2017 13:05:00,11/14/2017 13:05:00,11/14/2017,0.0,0.1,hq4
2743,11/14/2017 17:50:00,11/14/2017 17:50:00,11/14/2017,0.0,0.1,hq4
2744,11/16/2017 03:50:00,11/16/2017 19:35:00,11/16/2017,945.0,8.699999999999998,hq4
2745,11/16/2017 22:10:00,11/17/2017 05:40:00,11/16/2017,450.0,13.7,hq4
2746,11/17/2017 16:10:00,11/18/2017 05:40:00,11/17/2017,810.0,20.700000000000006,hq4
2747,11/20/2017 01:05:00,11/20/2017 03:40:00,11/20/2017,155.0,2.1,hq4
2748,11/20/2017 05:50:00,11/20/2017 06:20:00,11/20/2017,30.0,0.2,hq4
2749,11/20/2017 13:25:00,11/20/2017 13:25:00,11/20/2017,0.0,0.1,hq4
2750,11/21/2017 12:25:00,11/21/2017 14:25:00,11/21/2017,120.0,0.6,hq4
2751,11/21/2017 19:40:00,11/22/2017 08:45:00,11/21/2017,785.0,16.900000000000013,hq4
2752,11/22/2017 13:35:00,11/22/2017 13:35:00,11/22/2017,0.0,0.1,hq4
2753,11/28/2017 14:00:00,11/28/2017 17:40:00,11/28/2017,220.0,0.6,hq4
2754,11/29/2017 00:00:00,11/29/2017 00:20:00,11/29/2017,20.0,0.2,hq4
2755,11/29/2017 10:25:00,11/29/2017 10:55:00,11/29/2017,30.0,0.4,hq4
2756,11/29/2017 22:10:00,11/29/2017 22:30:00,11/29/2017,20.0,0.3,hq4
2757,12/14/2017 02:55:00,12/14/2017 04:40:00,12/14/2017,105.0,1.1,hq4
2758,12/15/2017 08:45:00,12/16/2017 00:50:00,12/15/2017,965.0,8.699999999999998,hq4
2759,12/16/2017 05:20:00,12/16/2017 05:20:00,12/16/2017,0.0,0.1,hq4
2760,12/28/2017 09:20:00,12/28/2017 21:45:00,12/28/2017,745.0,11.0,hq4
2761,12/29/2017 00:50:00,12/29/2017 00:50:00,12/29/2017,0.0,0.1,hq4
2762,12/30/2017 04:05:00,12/30/2017 04:40:00,12/30/2017,35.0,0.3,hq4
2763,12/30/2017 08:05:00,12/30/2017 08:20:00,12/30/2017,15.0,0.2,hq4
2764,12/30/2017 15:15:00,12/30/2017 19:35:00,12/30/2017,260.0,0.8,hq4
2765,01/02/2018 21:50:00,01/03/2018 11:45:00,01/02/2018,835.0,8.899999999999997,hq4
2766,01/03/2018 13:55:00,01/03/2018 15:15:00,01/03/2018,80.0,0.3,hq4
2767,01/03/2018 17:35:00,01/05/2018 02:55:00,01/03/2018,2000.0,36.3,hq4
2768,01/05/2018 05:00:00,01/05/2018 06:35:00,01/05/2018,95.0,0.5,hq4
2769,01/06/2018 22:20:00,01/07/2018 18:00:00,01/06/2018,1180.0,10.099999999999998,hq4
2770,01/19/2018 12:15:00,01/19/2018 12:20:00,01/19/2018,5.0,0.2,hq4
2771,01/20/2018 13:10:00,01/20/2018 14:50:00,01/20/2018,100.0,0.5,hq4
2772,01/21/2018 15:20:00,01/22/2018 01:05:00,01/21/2018,585.0,14.199999999999998,hq4
2773,01/25/2018 07:40:00,01/25/2018 23:45:00,01/25/2018,965.0,7.299999999999998,hq4
2774,01/26/2018 02:00:00,01/26/2018 02:00:00,01/26/2018,0.0,0.1,hq4
2775,01/26/2018 09:40:00,01/26/2018 17:00:00,01/26/2018,440.0,8.1,hq4
2776,01/26/2018 20:25:00,01/26/2018 20:25:00,01/26/2018,0.0,0.1,hq4
2777,01/27/2018 09:30:00,01/28/2018 09:50:00,01/27/2018,1460.0,20.2,hq4
2778,01/28/2018 15:35:00,01/28/2018 17:10:00,01/28/2018,95.0,0.4,hq4
2779,02/09/2018 18:30:00,02/09/2018 18:30:00,02/09/2018,0.0,0.1,hq4
2780,02/09/2018 22:10:00,02/09/2018 22:10:00,02/09/2018,0.0,0.1,hq4
2781,02/10/2018 00:55:00,02/10/2018 00:55:00,02/10/2018,0.0,0.1,hq4
2782,02/15/2018 07:30:00,02/15/2018 09:20:00,02/15/2018,110.0,0.3,hq4
2783,02/15/2018 19:30:00,02/15/2018 19:30:00,02/15/2018,0.0,0.1,hq4
2784,02/15/2018 22:40:00,02/16/2018 02:20:00,02/15/2018,220.0,1.0,hq4
2785,02/16/2018 04:25:00,02/16/2018 09:40:00,02/16/2018,315.0,4.0,hq4
2786,02/18/2018 07:30:00,02/18/2018 09:45:00,02/18/2018,135.0,0.5,hq4
2787,02/18/2018 18:45:00,02/19/2018 04:20:00,02/18/2018,575.0,5.6,hq4
2788,02/19/2018 08:00:00,02/19/2018 17:55:00,02/19/2018,595.0,6.999999999999999,hq4
2789,02/20/2018 14:35:00,02/21/2018 01:40:00,02/20/2018,665.0,13.8,hq4
2790,02/21/2018 18:20:00,02/21/2018 18:50:00,02/21/2018,30.0,0.2,hq4
2791,02/24/2018 16:40:00,02/24/2018 16:40:00,02/24/2018,0.0,0.1,hq4
2792,02/24/2018 19:35:00,02/25/2018 03:30:00,02/24/2018,475.0,18.8,hq4
2793,02/28/2018 05:15:00,02/28/2018 06:40:00,02/28/2018,85.0,1.2,hq4
2794,03/02/2018 03:15:00,03/02/2018 07:50:00,03/02/2018,275.0,2.5,hq4
2795,03/03/2018 02:30:00,03/03/2018 07:20:00,03/03/2018,290.0,9.7,hq4
2796,03/04/2018 20:40:00,03/04/2018 22:50:00,03/04/2018,130.0,23.7,hq4
2797,03/05/2018 01:25:00,03/05/2018 09:50:00,03/05/2018,505.0,6.199999999999999,hq4
2798,03/07/2018 02:40:00,03/07/2018 05:50:00,03/07/2018,190.0,1.2000000000000002,hq4
2799,03/07/2018 12:35:00,03/07/2018 15:20:00,03/07/2018,165.0,2.2,hq4
2800,03/07/2018 19:30:00,03/07/2018 20:25:00,03/07/2018,55.0,0.3,hq4
2801,03/08/2018 03:05:00,03/08/2018 03:05:00,03/08/2018,0.0,0.2,hq4
2802,03/15/2018 08:15:00,03/15/2018 11:25:00,03/15/2018,190.0,2.700000000000001,hq4
2803,03/15/2018 20:10:00,03/15/2018 20:40:00,03/15/2018,30.0,1.7,hq4
2804,03/16/2018 05:05:00,03/16/2018 05:50:00,03/16/2018,45.0,0.3,hq4
2805,03/18/2018 17:10:00,03/18/2018 18:40:00,03/18/2018,90.0,1.0,hq4
2806,03/18/2018 22:45:00,03/19/2018 02:25:00,03/18/2018,220.0,2.7000000000000006,hq4
2807,03/20/2018 03:45:00,03/20/2018 03:55:00,03/20/2018,10.0,0.2,hq4
2808,03/20/2018 09:10:00,03/20/2018 14:10:00,03/20/2018,300.0,2.1,hq4
2809,03/20/2018 18:30:00,03/21/2018 00:35:00,03/20/2018,365.0,5.899999999999999,hq4
2810,03/21/2018 03:30:00,03/21/2018 09:20:00,03/21/2018,350.0,1.5000000000000002,hq4
2811,04/02/2018 10:25:00,04/02/2018 10:45:00,04/02/2018,20.0,0.5,hq4
2812,04/13/2018 15:55:00,04/13/2018 19:00:00,04/13/2018,185.0,19.40000000000001,hq4
2813,04/13/2018 21:40:00,04/14/2018 03:30:00,04/13/2018,350.0,8.499999999999998,hq4
2814,04/23/2018 03:35:00,04/23/2018 03:35:00,04/23/2018,0.0,0.4,hq4
2815,04/23/2018 12:40:00,04/23/2018 20:25:00,04/23/2018,465.0,87.8,hq4
2816,04/24/2018 02:15:00,04/24/2018 04:30:00,04/24/2018,135.0,0.7999999999999999,hq4
2817,04/24/2018 07:25:00,04/24/2018 07:25:00,04/24/2018,0.0,0.1,hq4
2818,05/01/2018 20:30:00,05/01/2018 20:45:00,05/01/2018,15.0,0.7000000000000001,hq4
2819,05/01/2018 23:15:00,05/02/2018 02:40:00,05/01/2018,205.0,3.7000000000000006,hq4
2820,05/02/2018 08:50:00,05/02/2018 08:50:00,05/02/2018,0.0,0.1,hq4
2821,05/05/2018 10:45:00,05/05/2018 16:45:00,05/05/2018,360.0,3.8000000000000007,hq4
2822,05/05/2018 19:00:00,05/05/2018 20:50:00,05/05/2018,110.0,1.3000000000000005,hq4
2823,05/06/2018 06:35:00,05/06/2018 06:35:00,05/06/2018,0.0,0.2,hq4
2824,05/07/2018 19:15:00,05/07/2018 19:35:00,05/07/2018,20.0,0.2,hq4
2825,05/07/2018 21:40:00,05/08/2018 04:40:00,05/07/2018,420.0,4.300000000000001,hq4
2826,05/12/2018 19:45:00,05/12/2018 22:35:00,05/12/2018,170.0,3.9,hq4
2827,05/13/2018 01:00:00,05/13/2018 02:05:00,05/13/2018,65.0,0.3,hq4
2828,05/17/2018 21:00:00,05/17/2018 21:10:00,05/17/2018,10.0,0.7,hq4
2829,05/18/2018 19:45:00,05/18/2018 22:20:00,05/18/2018,155.0,1.2000000000000002,hq4
2830,05/19/2018 07:20:00,05/19/2018 08:45:00,05/19/2018,85.0,1.9,hq4
2831,05/19/2018 11:05:00,05/19/2018 15:45:00,05/19/2018,280.0,1.7000000000000004,hq4
2832,05/19/2018 21:00:00,05/19/2018 23:20:00,05/19/2018,140.0,1.4,hq4
2833,05/20/2018 01:30:00,05/20/2018 04:05:00,05/20/2018,155.0,1.0000000000000002,hq4
2834,05/20/2018 09:00:00,05/20/2018 09:00:00,05/20/2018,0.0,0.1,hq4
2835,05/20/2018 12:15:00,05/20/2018 13:00:00,05/20/2018,45.0,0.5,hq4
2836,05/21/2018 19:20:00,05/21/2018 19:20:00,05/21/2018,0.0,0.1,hq4
2837,05/22/2018 15:05:00,05/22/2018 16:10:00,05/22/2018,65.0,3.999999999999999,hq4
2838,05/22/2018 20:20:00,05/22/2018 20:20:00,05/22/2018,0.0,0.1,hq4
2839,05/25/2018 03:15:00,05/25/2018 13:25:00,05/25/2018,610.0,27.0,hq4
2840,05/25/2018 16:45:00,05/25/2018 17:15:00,05/25/2018,30.0,2.8000000000000003,hq4
2841,05/25/2018 19:50:00,05/26/2018 04:25:00,05/25/2018,515.0,57.40000000000001,hq4
2842,05/29/2018 08:45:00,05/29/2018 09:00:00,05/29/2018,15.0,0.2,hq4
2843,05/31/2018 00:10:00,05/31/2018 00:10:00,05/31/2018,0.0,0.1,hq4
2844,05/31/2018 05:40:00,05/31/2018 11:30:00,05/31/2018,350.0,9.1,hq4
2845,06/03/2018 03:45:00,06/03/2018 03:45:00,06/03/2018,0.0,0.1,hq4
2846,06/03/2018 06:10:00,06/03/2018 06:10:00,06/03/2018,0.0,0.1,hq4
2847,06/05/2018 00:15:00,06/05/2018 05:40:00,06/05/2018,325.0,0.9,hq4
2848,06/05/2018 19:30:00,06/05/2018 20:25:00,06/05/2018,55.0,0.4,hq4
2849,06/09/2018 18:20:00,06/09/2018 21:20:00,06/09/2018,180.0,1.3000000000000005,hq4
2850,06/10/2018 02:55:00,06/10/2018 03:05:00,06/10/2018,10.0,0.3,hq4
2851,06/20/2018 06:10:00,06/20/2018 17:00:00,06/20/2018,650.0,23.200000000000006,hq4
2852,06/21/2018 09:40:00,06/21/2018 09:40:00,06/21/2018,0.0,0.1,hq4
2853,06/22/2018 13:00:00,06/22/2018 23:45:00,06/22/2018,645.0,14.3,hq4
2854,06/23/2018 11:35:00,06/23/2018 11:35:00,06/23/2018,0.0,0.2,hq4
2855,06/24/2018 20:50:00,06/24/2018 22:50:00,06/24/2018,120.0,4.9,hq4
2856,06/28/2018 17:50:00,06/28/2018 18:40:00,06/28/2018,50.0,0.8,hq4
2857,06/28/2018 21:40:00,06/29/2018 00:30:00,06/28/2018,170.0,4.0,hq4
2858,06/29/2018 09:00:00,06/29/2018 09:55:00,06/29/2018,55.0,0.2,hq4
2859,06/30/2018 11:20:00,06/30/2018 13:05:00,06/30/2018,105.0,5.9,hq4
2860,06/30/2018 22:30:00,07/01/2018 13:00:00,06/30/2018,870.0,9.1,hq4
2861,07/03/2018 14:30:00,07/03/2018 14:50:00,07/03/2018,20.0,4.6,hq4
2862,07/04/2018 14:10:00,07/04/2018 21:50:00,07/04/2018,460.0,50.89999999999999,hq4
2863,07/05/2018 05:40:00,07/05/2018 05:40:00,07/05/2018,0.0,0.1,hq4
2864,07/05/2018 11:05:00,07/05/2018 19:40:00,07/05/2018,515.0,18.9,hq4
2865,07/07/2018 01:10:00,07/07/2018 01:20:00,07/07/2018,10.0,2.7,hq4
2866,07/07/2018 06:05:00,07/07/2018 08:05:00,07/07/2018,120.0,0.2,hq4
2867,07/22/2018 04:10:00,07/22/2018 16:10:00,07/22/2018,720.0,17.500000000000004,hq4
2868,07/22/2018 19:40:00,07/22/2018 20:40:00,07/22/2018,60.0,0.9000000000000001,hq4
2869,07/23/2018 19:20:00,07/23/2018 20:10:00,07/23/2018,50.0,1.8,hq4
2870,07/24/2018 01:35:00,07/24/2018 02:30:00,07/24/2018,55.0,0.3,hq4
2871,07/26/2018 12:30:00,07/26/2018 16:00:00,07/26/2018,210.0,5.4,hq4
2872,07/28/2018 16:10:00,07/28/2018 17:00:00,07/28/2018,50.0,14.6,hq4
2873,07/29/2018 23:05:00,07/29/2018 23:10:00,07/29/2018,5.0,0.4,hq4
2874,07/30/2018 08:35:00,07/30/2018 08:35:00,07/30/2018,0.0,0.1,hq4
2875,08/02/2018 22:20:00,08/02/2018 23:25:00,08/02/2018,65.0,4.8,hq4
2876,08/03/2018 01:30:00,08/03/2018 12:45:00,08/03/2018,675.0,35.4,hq4
2877,08/03/2018 16:10:00,08/03/2018 17:45:00,08/03/2018,95.0,0.8,hq4
2878,08/06/2018 14:35:00,08/06/2018 15:30:00,08/06/2018,55.0,18.800000000000004,hq4
2879,08/12/2018 06:15:00,08/12/2018 08:05:00,08/12/2018,110.0,0.7,hq4
2880,08/12/2018 10:15:00,08/12/2018 22:55:00,08/12/2018,760.0,51.70000000000001,hq4
2881,08/13/2018 02:40:00,08/13/2018 05:30:00,08/13/2018,170.0,1.2000000000000002,hq4
2882,08/13/2018 09:50:00,08/13/2018 09:50:00,08/13/2018,0.0,0.1,hq4
2883,08/14/2018 14:00:00,08/14/2018 15:40:00,08/14/2018,100.0,0.9,hq4
2884,08/15/2018 00:05:00,08/15/2018 00:05:00,08/15/2018,0.0,0.1,hq4
2885,08/16/2018 10:15:00,08/16/2018 10:15:00,08/16/2018,0.0,0.5,hq4
2886,08/16/2018 13:30:00,08/17/2018 15:00:00,08/16/2018,1530.0,116.4,hq4
2887,08/19/2018 16:05:00,08/19/2018 16:15:00,08/19/2018,10.0,0.6000000000000001,hq4
2888,08/21/2018 00:50:00,08/21/2018 02:10:00,08/21/2018,80.0,10.2,hq4
2889,08/21/2018 06:40:00,08/21/2018 06:40:00,08/21/2018,0.0,0.1,hq4
2890,08/21/2018 12:10:00,08/21/2018 13:30:00,08/21/2018,80.0,0.2,hq4
2891,08/25/2018 07:45:00,08/25/2018 17:05:00,08/25/2018,560.0,5.1,hq4
2892,08/26/2018 06:10:00,08/26/2018 07:00:00,08/26/2018,50.0,0.5,hq4
2893,08/26/2018 11:10:00,08/26/2018 14:00:00,08/26/2018,170.0,1.1,hq4
2894,09/01/2018 15:20:00,09/01/2018 17:30:00,09/01/2018,130.0,34.0,hq4
2895,09/02/2018 16:15:00,09/02/2018 17:00:00,09/02/2018,45.0,23.0,hq4
2896,09/03/2018 18:45:00,09/03/2018 18:55:00,09/03/2018,10.0,0.9,hq4
2897,09/07/2018 03:05:00,09/07/2018 11:05:00,09/07/2018,480.0,6.1,hq4
2898,09/07/2018 15:15:00,09/07/2018 15:55:00,09/07/2018,40.0,3.2,hq4
2899,09/07/2018 20:45:00,09/07/2018 20:45:00,09/07/2018,0.0,0.1,hq4
2900,09/08/2018 09:20:00,09/08/2018 09:20:00,09/08/2018,0.0,0.1,hq4
2901,09/12/2018 01:35:00,09/12/2018 01:55:00,09/12/2018,20.0,0.5,hq4
2902,09/12/2018 05:25:00,09/12/2018 05:25:00,09/12/2018,0.0,0.1,hq4
2903,09/12/2018 08:30:00,09/12/2018 08:30:00,09/12/2018,0.0,0.1,hq4
2904,09/16/2018 22:30:00,09/17/2018 11:15:00,09/16/2018,765.0,29.4,hq4
2905,09/20/2018 15:55:00,09/20/2018 19:40:00,09/20/2018,225.0,6.5,hq4
2906,09/20/2018 22:45:00,09/21/2018 00:35:00,09/20/2018,110.0,3.3,hq4
2907,09/21/2018 08:45:00,09/21/2018 09:15:00,09/21/2018,30.0,1.3000000000000005,hq4
2908,10/05/2018 04:30:00,10/05/2018 08:10:00,10/05/2018,220.0,1.4000000000000004,hq4
2909,10/05/2018 12:05:00,10/05/2018 12:05:00,10/05/2018,0.0,0.1,hq4
2910,10/15/2018 23:25:00,10/16/2018 05:10:00,10/15/2018,345.0,10.7,hq4
2911,10/22/2018 09:35:00,10/22/2018 16:25:00,10/22/2018,410.0,3.9,hq4
2912,11/05/2018 20:45:00,11/05/2018 22:40:00,11/05/2018,115.0,1.1,hq4
2913,11/06/2018 13:10:00,11/06/2018 13:20:00,11/06/2018,10.0,0.2,hq4
2914,11/07/2018 01:50:00,11/07/2018 03:40:00,11/07/2018,110.0,0.5,hq4
2915,11/07/2018 05:55:00,11/07/2018 13:10:00,11/07/2018,435.0,12.1,hq4
2916,11/07/2018 20:00:00,11/07/2018 21:45:00,11/07/2018,105.0,0.2,hq4
2917,11/08/2018 00:35:00,11/08/2018 07:20:00,11/08/2018,405.0,23.500000000000007,hq4
2918,11/08/2018 10:00:00,11/08/2018 10:00:00,11/08/2018,0.0,0.1,hq4
2919,11/08/2018 13:15:00,11/08/2018 14:20:00,11/08/2018,65.0,0.4,hq4
2920,11/11/2018 22:40:00,11/12/2018 03:35:00,11/11/2018,295.0,1.9,hq4
2921,11/12/2018 07:30:00,11/12/2018 08:30:00,11/12/2018,60.0,0.7999999999999999,hq4
2922,11/15/2018 13:15:00,11/15/2018 17:05:00,11/15/2018,230.0,2.7000000000000006,hq4
2923,11/15/2018 19:45:00,11/15/2018 21:55:00,11/15/2018,130.0,0.6,hq4
2924,11/16/2018 06:00:00,11/16/2018 06:25:00,11/16/2018,25.0,0.2,hq4
2925,11/16/2018 14:45:00,11/16/2018 14:45:00,11/16/2018,0.0,0.1,hq4
2926,11/16/2018 22:15:00,11/16/2018 23:45:00,11/16/2018,90.0,1.1,hq4
2927,11/17/2018 22:15:00,11/18/2018 04:10:00,11/17/2018,355.0,6.399999999999998,hq4
2928,11/18/2018 09:40:00,11/18/2018 21:55:00,11/18/2018,735.0,11.5,hq4
2929,11/19/2018 00:30:00,11/19/2018 01:25:00,11/19/2018,55.0,0.2,hq4
2930,11/20/2018 22:10:00,11/21/2018 16:35:00,11/20/2018,1105.0,25.8,hq4
2931,11/21/2018 19:15:00,11/21/2018 20:20:00,11/21/2018,65.0,2.3,hq4
2932,11/25/2018 16:00:00,11/25/2018 16:25:00,11/25/2018,25.0,0.3,hq4
2933,12/02/2018 12:40:00,12/02/2018 19:15:00,12/02/2018,395.0,10.499999999999998,hq4
2934,12/03/2018 03:25:00,12/03/2018 06:00:00,12/03/2018,155.0,1.4000000000000004,hq4
2935,12/03/2018 14:20:00,12/03/2018 17:10:00,12/03/2018,170.0,2.1,hq4
2936,12/04/2018 01:10:00,12/04/2018 03:45:00,12/04/2018,155.0,3.5000000000000004,hq4
2937,12/04/2018 06:15:00,12/04/2018 12:15:00,12/04/2018,360.0,1.6,hq4
2938,12/04/2018 17:25:00,12/05/2018 01:10:00,12/04/2018,465.0,6.399999999999999,hq4
2939,12/05/2018 22:10:00,12/07/2018 03:55:00,12/05/2018,1785.0,35.300000000000004,hq4
2940,12/07/2018 13:20:00,12/07/2018 17:40:00,12/07/2018,260.0,2.900000000000001,hq4
2941,12/07/2018 21:15:00,12/07/2018 22:55:00,12/07/2018,100.0,2.1000000000000005,hq4
2942,12/08/2018 12:15:00,12/08/2018 13:10:00,12/08/2018,55.0,0.6,hq4
2943,12/09/2018 08:25:00,12/09/2018 10:35:00,12/09/2018,130.0,1.3000000000000005,hq4
2944,12/09/2018 16:20:00,12/09/2018 17:10:00,12/09/2018,50.0,0.2,hq4
2945,12/09/2018 21:00:00,12/10/2018 04:45:00,12/09/2018,465.0,4.6,hq4
2946,12/10/2018 07:50:00,12/10/2018 07:50:00,12/10/2018,0.0,0.1,hq4
2947,12/10/2018 17:20:00,12/11/2018 08:20:00,12/10/2018,900.0,14.999999999999998,hq4
2948,12/15/2018 18:05:00,12/16/2018 04:10:00,12/15/2018,605.0,8.3,hq4
2949,12/20/2018 01:35:00,12/20/2018 03:20:00,12/20/2018,105.0,0.3,hq4
2950,12/22/2018 01:05:00,12/22/2018 19:05:00,12/22/2018,1080.0,9.6,hq4
2951,12/22/2018 21:45:00,12/23/2018 02:20:00,12/22/2018,275.0,1.2000000000000002,hq4
2952,12/25/2018 20:50:00,12/26/2018 09:45:00,12/25/2018,775.0,7.799999999999999,hq4
2953,12/26/2018 11:50:00,12/27/2018 01:05:00,12/26/2018,795.0,8.4,hq4
2954,12/27/2018 05:10:00,12/27/2018 05:10:00,12/27/2018,0.0,0.1,hq4
2955,12/30/2018 17:45:00,12/30/2018 17:45:00,12/30/2018,0.0,0.1,hq4
2956,12/31/2018 07:00:00,12/31/2018 11:00:00,12/31/2018,240.0,2.6000000000000005,hq4
2957,01/04/2019 06:00:00,01/04/2019 13:10:00,01/04/2019,430.0,4.6999999999999975,hq4
2958,01/04/2019 15:15:00,01/05/2019 02:40:00,01/04/2019,685.0,2.5000000000000004,hq4
2959,01/05/2019 04:55:00,01/05/2019 10:25:00,01/05/2019,330.0,0.8,hq4
2960,01/05/2019 18:45:00,01/05/2019 22:15:00,01/05/2019,210.0,2.0,hq4
2961,01/06/2019 00:50:00,01/06/2019 09:40:00,01/06/2019,530.0,1.4000000000000004,hq4
2962,01/07/2019 12:15:00,01/07/2019 22:30:00,01/07/2019,615.0,4.5,hq4
2963,01/09/2019 02:40:00,01/09/2019 03:35:00,01/09/2019,55.0,0.3,hq4
2964,01/09/2019 08:25:00,01/09/2019 08:55:00,01/09/2019,30.0,0.2,hq4
2965,01/09/2019 11:50:00,01/10/2019 08:30:00,01/09/2019,1240.0,5.6,hq4
2966,01/10/2019 19:55:00,01/11/2019 09:40:00,01/10/2019,825.0,10.1,hq4
2967,01/11/2019 11:50:00,01/12/2019 02:45:00,01/11/2019,895.0,8.0,hq4
2968,01/14/2019 22:10:00,01/15/2019 04:35:00,01/14/2019,385.0,4.5,hq4
2969,01/15/2019 07:30:00,01/15/2019 09:15:00,01/15/2019,105.0,0.3,hq4
2970,01/28/2019 22:10:00,01/29/2019 00:30:00,01/28/2019,140.0,0.4,hq4
2971,01/31/2019 04:25:00,01/31/2019 10:25:00,01/31/2019,360.0,7.1,hq4
2972,02/03/2019 17:55:00,02/03/2019 18:20:00,02/03/2019,25.0,0.2,hq4
2973,02/07/2019 03:45:00,02/07/2019 03:50:00,02/07/2019,5.0,0.2,hq4
2974,02/07/2019 07:45:00,02/07/2019 08:10:00,02/07/2019,25.0,0.3,hq4
2975,02/08/2019 00:55:00,02/08/2019 11:30:00,02/08/2019,635.0,6.399999999999998,hq4
2976,02/08/2019 21:05:00,02/09/2019 06:40:00,02/08/2019,575.0,7.699999999999999,hq4
2977,02/10/2019 07:15:00,02/10/2019 07:15:00,02/10/2019,0.0,0.1,hq4
2978,02/10/2019 13:25:00,02/10/2019 19:05:00,02/10/2019,340.0,1.3000000000000005,hq4
2979,02/12/2019 11:50:00,02/13/2019 03:40:00,02/12/2019,950.0,21.100000000000016,hq4
2980,02/13/2019 20:00:00,02/14/2019 04:50:00,02/13/2019,530.0,13.000000000000002,hq4
2981,02/14/2019 23:10:00,02/15/2019 23:55:00,02/14/2019,1485.0,23.200000000000003,hq4
2982,02/18/2019 00:30:00,02/18/2019 09:45:00,02/18/2019,555.0,3.8000000000000007,hq4
2983,02/18/2019 11:50:00,02/19/2019 06:50:00,02/18/2019,1140.0,16.40000000000001,hq4
2984,02/19/2019 20:10:00,02/19/2019 22:55:00,02/19/2019,165.0,2.7000000000000006,hq4
2985,02/20/2019 01:00:00,02/20/2019 07:40:00,02/20/2019,400.0,8.7,hq4
2986,02/20/2019 10:50:00,02/20/2019 11:50:00,02/20/2019,60.0,0.3,hq4
2987,02/20/2019 13:55:00,02/20/2019 23:30:00,02/20/2019,575.0,2.3000000000000007,hq4
2988,02/21/2019 05:00:00,02/21/2019 05:50:00,02/21/2019,50.0,0.4,hq4
2989,02/21/2019 13:55:00,02/22/2019 00:40:00,02/21/2019,645.0,3.900000000000001,hq4
2990,02/22/2019 05:35:00,02/22/2019 08:15:00,02/22/2019,160.0,5.699999999999999,hq4
2991,02/26/2019 19:50:00,02/26/2019 20:15:00,02/26/2019,25.0,0.6,hq4
2992,02/26/2019 22:30:00,02/26/2019 22:30:00,02/26/2019,0.0,0.1,hq4
2993,02/27/2019 12:35:00,02/27/2019 15:55:00,02/27/2019,200.0,4.399999999999999,hq4
2994,02/27/2019 18:25:00,02/27/2019 20:35:00,02/27/2019,130.0,0.5,hq4
2995,03/20/2019 07:35:00,03/20/2019 09:10:00,03/20/2019,95.0,1.7000000000000002,hq4
2996,03/20/2019 13:40:00,03/20/2019 13:50:00,03/20/2019,10.0,0.7999999999999999,hq4
2997,03/21/2019 12:40:00,03/21/2019 14:10:00,03/21/2019,90.0,1.6000000000000003,hq4
2998,03/21/2019 16:40:00,03/21/2019 19:55:00,03/21/2019,195.0,2.8000000000000007,hq4
2999,03/21/2019 23:30:00,03/22/2019 00:00:00,03/21/2019,30.0,0.4,hq4
3000,03/22/2019 23:10:00,03/22/2019 23:10:00,03/22/2019,0.0,0.1,hq4
3001,03/25/2019 03:40:00,03/25/2019 07:50:00,03/25/2019,250.0,2.1,hq4
3002,03/27/2019 14:35:00,03/27/2019 23:05:00,03/27/2019,510.0,8.1,hq4
3003,03/28/2019 14:45:00,03/28/2019 20:20:00,03/28/2019,335.0,2.8000000000000003,hq4
3004,04/09/2019 13:35:00,04/09/2019 17:25:00,04/09/2019,230.0,13.0,hq4
3005,04/11/2019 03:15:00,04/11/2019 07:25:00,04/11/2019,250.0,0.5,hq4
3006,04/20/2019 08:00:00,04/20/2019 08:00:00,04/20/2019,0.0,0.1,hq4
3007,04/21/2019 16:55:00,04/21/2019 20:55:00,04/21/2019,240.0,1.6000000000000003,hq4
3008,04/21/2019 23:35:00,04/22/2019 01:00:00,04/21/2019,85.0,0.4,hq4
3009,04/22/2019 09:45:00,04/22/2019 11:05:00,04/22/2019,80.0,0.4,hq4
3010,04/22/2019 21:20:00,04/22/2019 22:05:00,04/22/2019,45.0,0.2,hq4
3011,04/23/2019 00:25:00,04/23/2019 04:25:00,04/23/2019,240.0,22.1,hq4
3012,04/24/2019 04:50:00,04/24/2019 06:05:00,04/24/2019,75.0,0.5,hq4
3013,04/29/2019 11:20:00,04/29/2019 16:25:00,04/29/2019,305.0,8.999999999999996,hq4
3014,04/30/2019 03:10:00,04/30/2019 03:10:00,04/30/2019,0.0,0.1,hq4
3015,04/30/2019 06:55:00,04/30/2019 10:25:00,04/30/2019,210.0,1.4000000000000004,hq4
3016,04/30/2019 16:10:00,04/30/2019 16:10:00,04/30/2019,0.0,0.1,hq4
3017,05/13/2019 13:40:00,05/13/2019 14:20:00,05/13/2019,40.0,0.4,hq4
3018,05/15/2019 20:55:00,05/15/2019 20:55:00,05/15/2019,0.0,0.1,hq4
3019,05/26/2019 08:35:00,05/26/2019 17:10:00,05/26/2019,515.0,13.6,hq4
3020,05/26/2019 21:50:00,05/26/2019 22:15:00,05/26/2019,25.0,0.3,hq4
3021,05/27/2019 02:45:00,05/27/2019 02:45:00,05/27/2019,0.0,0.1,hq4
3022,05/27/2019 06:40:00,05/27/2019 06:40:00,05/27/2019,0.0,0.1,hq4
3023,05/31/2019 01:00:00,05/31/2019 02:35:00,05/31/2019,95.0,1.8,hq4
3024,06/06/2019 06:50:00,06/06/2019 06:50:00,06/06/2019,0.0,0.1,hq4
3025,06/06/2019 11:00:00,06/06/2019 11:15:00,06/06/2019,15.0,0.2,hq4
3026,06/12/2019 15:15:00,06/12/2019 15:15:00,06/12/2019,0.0,0.1,hq4
3027,06/13/2019 13:35:00,06/13/2019 16:05:00,06/13/2019,150.0,1.8000000000000007,hq4
3028,06/13/2019 20:30:00,06/14/2019 03:05:00,06/13/2019,395.0,8.1,hq4
3029,06/18/2019 00:00:00,06/18/2019 20:25:00,06/18/2019,1225.0,63.80000000000001,hq4
3030,06/20/2019 11:20:00,06/20/2019 11:20:00,06/20/2019,0.0,0.1,hq4
3031,06/20/2019 14:30:00,06/20/2019 19:55:00,06/20/2019,325.0,11.099999999999998,hq4
3032,06/20/2019 22:40:00,06/20/2019 22:40:00,06/20/2019,0.0,0.1,hq4
3033,06/21/2019 01:30:00,06/21/2019 04:45:00,06/21/2019,195.0,33.10000000000001,hq4
3034,06/21/2019 09:05:00,06/21/2019 09:05:00,06/21/2019,0.0,0.1,hq4
3035,06/25/2019 14:30:00,06/25/2019 15:35:00,06/25/2019,65.0,1.4,hq4
3036,06/26/2019 02:45:00,06/26/2019 08:05:00,06/26/2019,320.0,38.90000000000001,hq4
3037,06/26/2019 13:15:00,06/26/2019 16:25:00,06/26/2019,190.0,1.3000000000000005,hq4
3038,06/26/2019 23:30:00,06/27/2019 04:35:00,06/26/2019,305.0,2.0,hq4
3039,06/29/2019 12:30:00,06/29/2019 17:40:00,06/29/2019,310.0,8.899999999999997,hq4
3040,06/30/2019 00:40:00,06/30/2019 12:05:00,06/30/2019,685.0,128.89999999999998,hq4
3041,07/01/2019 02:10:00,07/01/2019 04:45:00,07/01/2019,155.0,0.9,hq4
3042,07/01/2019 08:50:00,07/01/2019 09:35:00,07/01/2019,45.0,5.6000000000000005,hq4
3043,07/01/2019 19:30:00,07/01/2019 19:35:00,07/01/2019,5.0,0.7,hq4
3044,07/07/2019 00:00:00,07/07/2019 01:50:00,07/07/2019,110.0,7.099999999999999,hq4
3045,07/09/2019 06:00:00,07/09/2019 13:45:00,07/09/2019,465.0,15.7,hq4
3046,07/09/2019 16:20:00,07/09/2019 17:45:00,07/09/2019,85.0,0.9,hq4
3047,07/09/2019 21:40:00,07/10/2019 03:00:00,07/09/2019,320.0,6.299999999999999,hq4
3048,07/10/2019 08:30:00,07/10/2019 08:30:00,07/10/2019,0.0,0.1,hq4
3049,07/10/2019 11:55:00,07/10/2019 11:55:00,07/10/2019,0.0,0.1,hq4
3050,07/10/2019 14:50:00,07/10/2019 16:00:00,07/10/2019,70.0,2.4000000000000004,hq4
3051,07/10/2019 19:05:00,07/10/2019 19:05:00,07/10/2019,0.0,0.1,hq4
3052,07/12/2019 10:25:00,07/13/2019 16:05:00,07/12/2019,1780.0,69.10000000000001,hq4
3053,08/03/2019 14:30:00,08/03/2019 16:20:00,08/03/2019,110.0,1.7,hq4
3054,08/03/2019 18:55:00,08/03/2019 19:15:00,08/03/2019,20.0,0.3,hq4
3055,08/04/2019 01:00:00,08/04/2019 04:20:00,08/04/2019,200.0,21.7,hq4
3056,08/04/2019 07:25:00,08/04/2019 16:50:00,08/04/2019,565.0,8.2,hq4
3057,08/08/2019 08:20:00,08/08/2019 08:35:00,08/08/2019,15.0,0.7000000000000001,hq4
3058,08/08/2019 19:05:00,08/08/2019 20:00:00,08/08/2019,55.0,0.6,hq4
3059,08/09/2019 11:15:00,08/09/2019 11:15:00,08/09/2019,0.0,0.2,hq4
3060,08/09/2019 16:05:00,08/11/2019 06:00:00,08/09/2019,2275.0,209.3,hq4
3061,08/14/2019 16:00:00,08/14/2019 16:15:00,08/14/2019,15.0,0.7,hq4
3062,08/16/2019 05:50:00,08/16/2019 05:50:00,08/16/2019,0.0,0.1,hq4
3063,08/18/2019 15:30:00,08/18/2019 18:50:00,08/18/2019,200.0,84.7,hq4
3064,08/23/2019 13:30:00,08/23/2019 14:35:00,08/23/2019,65.0,38.4,hq4
3065,08/25/2019 15:55:00,08/25/2019 16:10:00,08/25/2019,15.0,0.3,hq4
3066,08/26/2019 06:25:00,08/26/2019 06:30:00,08/26/2019,5.0,0.8,hq4
3067,08/27/2019 18:50:00,08/27/2019 22:10:00,08/27/2019,200.0,9.2,hq4
3068,08/28/2019 03:30:00,08/28/2019 03:30:00,08/28/2019,0.0,0.3,hq4
3069,08/28/2019 20:25:00,08/29/2019 15:00:00,08/28/2019,1115.0,22.200000000000003,hq4
3070,08/30/2019 17:45:00,08/30/2019 20:25:00,08/30/2019,160.0,1.1,hq4
3071,08/31/2019 23:00:00,09/01/2019 16:40:00,08/31/2019,1060.0,60.50000000000001,hq4
3072,09/01/2019 19:45:00,09/02/2019 00:20:00,09/01/2019,275.0,2.8000000000000003,hq4
3073,09/02/2019 03:35:00,09/02/2019 04:40:00,09/02/2019,65.0,1.0,hq4
3074,09/02/2019 08:50:00,09/03/2019 05:35:00,09/02/2019,1245.0,48.1,hq4
3075,09/03/2019 09:50:00,09/03/2019 11:30:00,09/03/2019,100.0,0.3,hq4
3076,09/03/2019 20:00:00,09/03/2019 20:00:00,09/03/2019,0.0,0.1,hq4
3077,09/04/2019 08:50:00,09/04/2019 09:25:00,09/04/2019,35.0,1.0,hq4
3078,09/04/2019 11:50:00,09/04/2019 13:55:00,09/04/2019,125.0,5.5,hq4
3079,09/04/2019 17:55:00,09/04/2019 17:55:00,09/04/2019,0.0,0.1,hq4
3080,09/05/2019 08:05:00,09/05/2019 08:10:00,09/05/2019,5.0,0.4,hq4
3081,09/05/2019 17:40:00,09/05/2019 19:15:00,09/05/2019,95.0,3.6,hq4
3082,09/06/2019 01:40:00,09/06/2019 02:15:00,09/06/2019,35.0,5.5,hq4
3083,09/06/2019 07:20:00,09/06/2019 13:20:00,09/06/2019,360.0,20.0,hq4
3084,09/06/2019 16:15:00,09/06/2019 17:00:00,09/06/2019,45.0,1.0,hq4
3085,09/14/2019 23:50:00,09/15/2019 00:25:00,09/14/2019,35.0,0.2,hq4
3086,09/20/2019 13:50:00,09/20/2019 13:50:00,09/20/2019,0.0,0.1,hq4
3087,09/21/2019 05:50:00,09/21/2019 18:40:00,09/21/2019,770.0,12.4,hq4
3088,09/22/2019 01:20:00,09/22/2019 05:35:00,09/22/2019,255.0,3.0000000000000004,hq4
3089,09/22/2019 07:45:00,09/22/2019 08:55:00,09/22/2019,70.0,1.5,hq4
3090,09/22/2019 13:40:00,09/22/2019 13:40:00,09/22/2019,0.0,0.1,hq4
3091,10/01/2019 03:40:00,10/01/2019 03:40:00,10/01/2019,0.0,0.1,hq4
3092,10/01/2019 07:45:00,10/01/2019 10:40:00,10/01/2019,175.0,13.299999999999995,hq4
3093,10/01/2019 12:55:00,10/02/2019 09:50:00,10/01/2019,1255.0,77.39999999999999,hq4
3094,10/13/2019 20:15:00,10/13/2019 20:45:00,10/13/2019,30.0,0.8,hq4
3095,10/14/2019 15:10:00,10/14/2019 17:35:00,10/14/2019,145.0,3.0,hq4
3096,11/13/2019 08:10:00,11/13/2019 09:25:00,11/13/2019,75.0,0.6,hq4
3097,11/18/2019 02:10:00,11/18/2019 02:30:00,11/18/2019,20.0,0.2,hq4
3098,11/24/2019 19:55:00,11/24/2019 19:55:00,11/24/2019,0.0,0.1,hq4
3099,11/27/2019 13:35:00,11/27/2019 23:10:00,11/27/2019,575.0,18.5,hq4
3100,11/30/2019 14:05:00,12/01/2019 07:40:00,11/30/2019,1055.0,21.60000000000001,hq4
3101,12/17/2019 14:30:00,12/17/2019 18:30:00,12/17/2019,240.0,5.299999999999999,hq4
3102,12/17/2019 23:15:00,12/18/2019 08:00:00,12/17/2019,525.0,5.199999999999998,hq4
3103,12/18/2019 15:05:00,12/18/2019 15:30:00,12/18/2019,25.0,0.2,hq4
3104,12/18/2019 23:15:00,12/19/2019 02:25:00,12/18/2019,190.0,2.2,hq4
3105,12/20/2019 15:25:00,12/20/2019 16:20:00,12/20/2019,55.0,0.7,hq4
3106,12/21/2019 03:25:00,12/21/2019 14:45:00,12/21/2019,680.0,10.999999999999998,hq4
3107,12/21/2019 18:55:00,12/22/2019 07:20:00,12/21/2019,745.0,23.60000000000001,hq4
3108,12/23/2019 16:10:00,12/23/2019 16:10:00,12/23/2019,0.0,0.1,hq4
3109,12/23/2019 19:25:00,12/24/2019 03:15:00,12/23/2019,470.0,13.4,hq4
3110,12/24/2019 08:30:00,12/24/2019 08:30:00,12/24/2019,0.0,0.2,hq4
3111,12/25/2019 14:55:00,12/26/2019 01:05:00,12/25/2019,610.0,8.299999999999999,hq4
3112,12/28/2019 23:50:00,12/29/2019 03:55:00,12/28/2019,245.0,0.6,hq4
3113,01/02/2020 03:45:00,01/02/2020 04:30:00,01/02/2020,45.0,0.5,hq4
3114,01/03/2020 10:10:00,01/03/2020 15:45:00,01/03/2020,335.0,1.6000000000000003,hq4
3115,01/03/2020 18:15:00,01/03/2020 19:10:00,01/03/2020,55.0,1.4,hq4
3116,01/04/2020 03:05:00,01/04/2020 08:50:00,01/04/2020,345.0,1.1,hq4
3117,01/07/2020 13:10:00,01/07/2020 14:50:00,01/07/2020,100.0,1.1,hq4
3118,01/09/2020 13:40:00,01/09/2020 17:50:00,01/09/2020,250.0,1.8000000000000005,hq4
3119,01/10/2020 10:35:00,01/10/2020 10:35:00,01/10/2020,0.0,0.1,hq4
3120,01/10/2020 12:45:00,01/11/2020 09:15:00,01/10/2020,1230.0,16.400000000000006,hq4
3121,01/11/2020 15:05:00,01/11/2020 18:30:00,01/11/2020,205.0,1.3000000000000005,hq4
3122,01/15/2020 15:35:00,01/15/2020 22:25:00,01/15/2020,410.0,4.300000000000001,hq4
3123,01/16/2020 05:25:00,01/16/2020 10:55:00,01/16/2020,330.0,5.1,hq4
3124,01/21/2020 16:20:00,01/22/2020 21:05:00,01/21/2020,1725.0,22.800000000000004,hq4
3125,01/23/2020 02:05:00,01/23/2020 09:10:00,01/23/2020,425.0,4.200000000000001,hq4
3126,01/23/2020 13:50:00,01/24/2020 03:35:00,01/23/2020,825.0,36.6,hq4
3127,01/24/2020 08:15:00,01/24/2020 08:15:00,01/24/2020,0.0,0.1,hq4
3128,01/24/2020 16:30:00,01/25/2020 13:40:00,01/24/2020,1270.0,19.70000000000001,hq4
3129,01/25/2020 15:45:00,01/26/2020 09:20:00,01/25/2020,1055.0,13.4,hq4
3130,01/26/2020 11:35:00,01/27/2020 06:15:00,01/26/2020,1120.0,19.4,hq4
3131,02/06/2020 14:10:00,02/07/2020 04:35:00,02/06/2020,865.0,13.6,hq4
3132,02/07/2020 06:45:00,02/07/2020 06:45:00,02/07/2020,0.0,0.1,hq4
3133,02/07/2020 10:40:00,02/07/2020 10:40:00,02/07/2020,0.0,0.1,hq4
3134,02/11/2020 01:50:00,02/11/2020 12:00:00,02/11/2020,610.0,9.899999999999997,hq4
3135,02/11/2020 15:35:00,02/11/2020 15:35:00,02/11/2020,0.0,0.1,hq4
3136,02/11/2020 21:55:00,02/11/2020 23:40:00,02/11/2020,105.0,2.0000000000000004,hq4
3137,02/13/2020 16:35:00,02/13/2020 20:55:00,02/13/2020,260.0,3.8,hq4
3138,02/14/2020 01:55:00,02/14/2020 02:00:00,02/14/2020,5.0,0.2,hq4
3139,02/14/2020 07:40:00,02/14/2020 07:40:00,02/14/2020,0.0,0.1,hq4
3140,02/14/2020 19:35:00,02/14/2020 22:15:00,02/14/2020,160.0,1.9,hq4
3141,02/15/2020 03:45:00,02/15/2020 03:45:00,02/15/2020,0.0,0.1,hq4
3142,02/15/2020 09:05:00,02/15/2020 12:55:00,02/15/2020,230.0,1.1,hq4
3143,02/15/2020 16:35:00,02/16/2020 03:50:00,02/15/2020,675.0,13.499999999999998,hq4
3144,02/16/2020 09:05:00,02/16/2020 09:50:00,02/16/2020,45.0,0.5,hq4
3145,02/29/2020 00:05:00,02/29/2020 00:05:00,02/29/2020,0.0,0.1,hq4
3146,02/29/2020 02:50:00,02/29/2020 10:00:00,02/29/2020,430.0,5.999999999999998,hq4
3147,02/29/2020 21:55:00,03/01/2020 00:05:00,02/29/2020,130.0,2.0000000000000004,hq4
3148,03/06/2020 21:35:00,03/06/2020 21:45:00,03/06/2020,10.0,0.4,hq4
3149,03/07/2020 02:00:00,03/07/2020 02:00:00,03/07/2020,0.0,0.1,hq4
3150,03/08/2020 23:35:00,03/09/2020 11:20:00,03/08/2020,705.0,20.000000000000004,hq4
3151,03/09/2020 21:50:00,03/10/2020 02:20:00,03/09/2020,270.0,1.4,hq4
3152,03/12/2020 17:45:00,03/13/2020 00:35:00,03/12/2020,410.0,3.500000000000001,hq4
3153,03/13/2020 09:00:00,03/13/2020 09:00:00,03/13/2020,0.0,0.1,hq4
3154,03/21/2020 20:05:00,03/22/2020 03:05:00,03/21/2020,420.0,16.500000000000004,hq4
3155,03/22/2020 05:35:00,03/22/2020 05:35:00,03/22/2020,0.0,0.1,hq4
3156,03/25/2020 20:20:00,03/25/2020 22:00:00,03/25/2020,100.0,7.699999999999997,hq4
3157,03/26/2020 08:10:00,03/26/2020 08:10:00,03/26/2020,0.0,0.1,hq4
3158,03/26/2020 10:45:00,03/26/2020 11:50:00,03/26/2020,65.0,4.1,hq4
3159,03/26/2020 18:20:00,03/26/2020 22:15:00,03/26/2020,235.0,18.7,hq4
3160,03/27/2020 00:30:00,03/27/2020 02:00:00,03/27/2020,90.0,4.699999999999999,hq4
3161,03/27/2020 09:35:00,03/27/2020 11:00:00,03/27/2020,85.0,0.2,hq4
3162,03/27/2020 21:20:00,03/28/2020 12:50:00,03/27/2020,930.0,23.300000000000004,hq4
3163,03/29/2020 12:00:00,03/30/2020 06:40:00,03/29/2020,1120.0,20.5,hq4
3164,03/30/2020 09:15:00,03/30/2020 09:25:00,03/30/2020,10.0,0.2,hq4
3165,03/31/2020 13:00:00,03/31/2020 18:10:00,03/31/2020,310.0,2.5000000000000004,hq4
3166,04/01/2020 00:45:00,04/01/2020 00:45:00,04/01/2020,0.0,0.1,hq4
3167,04/11/2020 04:55:00,04/11/2020 15:50:00,04/11/2020,655.0,2.7000000000000006,hq4
3168,04/12/2020 18:35:00,04/12/2020 19:35:00,04/12/2020,60.0,5.199999999999999,hq4
3169,04/18/2020 22:40:00,04/19/2020 00:55:00,04/18/2020,135.0,1.0,hq4
3170,04/19/2020 03:35:00,04/19/2020 08:50:00,04/19/2020,315.0,18.000000000000004,hq4
3171,04/20/2020 20:50:00,04/21/2020 05:40:00,04/20/2020,530.0,5.699999999999998,hq4
3172,04/27/2020 18:05:00,04/27/2020 18:05:00,04/27/2020,0.0,0.1,hq4
3173,05/01/2020 03:50:00,05/01/2020 08:55:00,05/01/2020,305.0,8.0,hq4
3174,05/01/2020 16:15:00,05/01/2020 17:05:00,05/01/2020,50.0,0.4,hq4
3175,05/01/2020 21:10:00,05/02/2020 04:50:00,05/01/2020,460.0,8.599999999999998,hq4
3176,05/05/2020 11:30:00,05/05/2020 13:20:00,05/05/2020,110.0,6.299999999999999,hq4
3177,05/08/2020 23:25:00,05/09/2020 00:50:00,05/08/2020,85.0,0.6,hq4
3178,05/10/2020 03:15:00,05/10/2020 05:00:00,05/10/2020,105.0,3.7,hq4
3179,05/14/2020 19:35:00,05/15/2020 03:45:00,05/14/2020,490.0,5.9,hq4
3180,05/15/2020 18:25:00,05/15/2020 22:00:00,05/15/2020,215.0,3.9,hq4
3181,05/25/2020 21:30:00,05/26/2020 08:30:00,05/25/2020,660.0,18.200000000000003,hq4
3182,05/26/2020 12:00:00,05/26/2020 12:00:00,05/26/2020,0.0,0.1,hq4
3183,05/29/2020 16:45:00,05/29/2020 17:40:00,05/29/2020,55.0,0.2,hq4
3184,05/29/2020 20:10:00,05/30/2020 04:05:00,05/29/2020,475.0,4.1000000000000005,hq4
3185,05/30/2020 07:25:00,05/30/2020 18:45:00,05/30/2020,680.0,16.200000000000006,hq4
3186,05/30/2020 21:10:00,05/30/2020 23:15:00,05/30/2020,125.0,0.8,hq4
3187,06/03/2020 03:50:00,06/03/2020 04:00:00,06/03/2020,10.0,0.2,hq4
3188,06/03/2020 14:30:00,06/03/2020 16:25:00,06/03/2020,115.0,5.4,hq4
3189,06/05/2020 04:45:00,06/05/2020 19:55:00,06/05/2020,910.0,43.10000000000001,hq4
3190,06/06/2020 00:35:00,06/06/2020 05:05:00,06/06/2020,270.0,6.9,hq4
3191,06/08/2020 23:20:00,06/09/2020 00:45:00,06/08/2020,85.0,0.3,hq4
3192,06/09/2020 05:30:00,06/09/2020 06:25:00,06/09/2020,55.0,0.2,hq4
3193,06/10/2020 09:05:00,06/10/2020 13:55:00,06/10/2020,290.0,1.9,hq4
3194,06/10/2020 21:20:00,06/10/2020 22:50:00,06/10/2020,90.0,9.3,hq4
3195,06/11/2020 09:10:00,06/11/2020 09:10:00,06/11/2020,0.0,0.1,hq4
3196,06/11/2020 12:05:00,06/11/2020 12:15:00,06/11/2020,10.0,0.2,hq4
3197,06/12/2020 19:25:00,06/12/2020 21:35:00,06/12/2020,130.0,14.199999999999998,hq4
3198,06/13/2020 07:45:00,06/13/2020 07:45:00,06/13/2020,0.0,0.1,hq4
3199,06/14/2020 19:35:00,06/14/2020 20:50:00,06/14/2020,75.0,1.5000000000000002,hq4
3200,06/15/2020 06:50:00,06/15/2020 17:25:00,06/15/2020,635.0,70.6,hq4
3201,06/16/2020 00:40:00,06/16/2020 01:25:00,06/16/2020,45.0,0.7,hq4
3202,06/16/2020 09:40:00,06/16/2020 13:30:00,06/16/2020,230.0,3.6000000000000005,hq4
3203,06/16/2020 22:00:00,06/16/2020 22:25:00,06/16/2020,25.0,1.0,hq4
3204,06/18/2020 17:35:00,06/18/2020 21:35:00,06/18/2020,240.0,4.699999999999999,hq4
3205,06/19/2020 18:55:00,06/19/2020 20:10:00,06/19/2020,75.0,1.1,hq4
3206,06/20/2020 07:55:00,06/20/2020 08:20:00,06/20/2020,25.0,0.3,hq4
3207,06/20/2020 19:05:00,06/21/2020 11:45:00,06/20/2020,1000.0,14.7,hq4
3208,06/21/2020 15:00:00,06/21/2020 20:50:00,06/21/2020,350.0,2.2000000000000006,hq4
3209,06/22/2020 22:05:00,06/22/2020 22:55:00,06/22/2020,50.0,1.0,hq4
3210,06/23/2020 20:25:00,06/24/2020 01:10:00,06/23/2020,285.0,19.5,hq4
3211,06/24/2020 05:30:00,06/24/2020 05:30:00,06/24/2020,0.0,0.1,hq4
3212,06/24/2020 11:00:00,06/24/2020 11:00:00,06/24/2020,0.0,0.2,hq4
3213,06/24/2020 21:05:00,06/25/2020 11:25:00,06/24/2020,860.0,12.999999999999998,hq4
3214,06/27/2020 08:45:00,06/27/2020 12:45:00,06/27/2020,240.0,14.2,hq4
3215,06/27/2020 16:15:00,06/27/2020 16:40:00,06/27/2020,25.0,0.7999999999999999,hq4
3216,06/27/2020 19:30:00,06/27/2020 20:15:00,06/27/2020,45.0,19.000000000000004,hq4
3217,06/28/2020 01:10:00,06/28/2020 01:10:00,06/28/2020,0.0,0.1,hq4
3218,06/28/2020 03:40:00,06/28/2020 09:10:00,06/28/2020,330.0,25.3,hq4
3219,06/28/2020 11:45:00,06/28/2020 13:50:00,06/28/2020,125.0,12.3,hq4
3220,06/29/2020 03:45:00,06/29/2020 09:30:00,06/29/2020,345.0,16.0,hq4
3221,07/02/2020 09:00:00,07/02/2020 09:35:00,07/02/2020,35.0,0.2,hq4
3222,07/02/2020 20:25:00,07/03/2020 03:50:00,07/02/2020,445.0,24.1,hq4
3223,07/03/2020 09:20:00,07/03/2020 09:20:00,07/03/2020,0.0,0.1,hq4
3224,07/05/2020 04:15:00,07/05/2020 05:40:00,07/05/2020,85.0,1.5,hq4
3225,07/05/2020 08:50:00,07/05/2020 18:50:00,07/05/2020,600.0,17.1,hq4
3226,07/05/2020 21:20:00,07/05/2020 21:30:00,07/05/2020,10.0,1.0,hq4
3227,07/06/2020 02:50:00,07/06/2020 12:50:00,07/06/2020,600.0,72.59999999999998,hq4
3228,07/06/2020 15:05:00,07/06/2020 19:35:00,07/06/2020,270.0,23.000000000000004,hq4
3229,07/06/2020 23:25:00,07/07/2020 06:35:00,07/06/2020,430.0,25.1,hq4
3230,07/08/2020 13:20:00,07/08/2020 17:10:00,07/08/2020,230.0,42.900000000000006,hq4
3231,07/09/2020 01:35:00,07/09/2020 07:05:00,07/09/2020,330.0,6.399999999999999,hq4
3232,07/09/2020 10:45:00,07/09/2020 12:15:00,07/09/2020,90.0,16.099999999999998,hq4
3233,07/09/2020 22:10:00,07/09/2020 22:40:00,07/09/2020,30.0,0.2,hq4
3234,07/13/2020 12:15:00,07/13/2020 13:40:00,07/13/2020,85.0,2.0,hq4
3235,07/13/2020 16:35:00,07/13/2020 17:05:00,07/13/2020,30.0,0.4,hq4
3236,07/14/2020 01:35:00,07/14/2020 04:05:00,07/14/2020,150.0,0.4,hq4
3237,07/14/2020 23:40:00,07/16/2020 13:00:00,07/14/2020,2240.0,108.4,hq4
3238,07/16/2020 20:15:00,07/16/2020 20:15:00,07/16/2020,0.0,0.1,hq4
3239,07/17/2020 04:55:00,07/17/2020 06:50:00,07/17/2020,115.0,14.2,hq4
3240,07/17/2020 09:45:00,07/17/2020 12:40:00,07/17/2020,175.0,7.1000000000000005,hq4
3241,07/19/2020 18:05:00,07/19/2020 18:05:00,07/19/2020,0.0,0.1,hq4
3242,07/20/2020 09:15:00,07/20/2020 13:20:00,07/20/2020,245.0,1.5000000000000002,hq4
3243,07/20/2020 15:30:00,07/20/2020 15:50:00,07/20/2020,20.0,0.2,hq4
3244,07/20/2020 19:00:00,07/20/2020 19:40:00,07/20/2020,40.0,0.5,hq4
3245,07/24/2020 00:50:00,07/24/2020 00:50:00,07/24/2020,0.0,0.1,hq4
3246,07/27/2020 20:05:00,07/27/2020 20:05:00,07/27/2020,0.0,0.1,hq4
3247,08/04/2020 19:10:00,08/05/2020 10:00:00,08/04/2020,890.0,115.9,hq4
3248,08/10/2020 16:35:00,08/10/2020 22:55:00,08/10/2020,380.0,15.4,hq4
3249,08/11/2020 09:20:00,08/11/2020 09:20:00,08/11/2020,0.0,0.1,hq4
3250,08/26/2020 13:40:00,08/26/2020 17:00:00,08/26/2020,200.0,14.7,hq4
3251,08/28/2020 09:20:00,08/28/2020 09:20:00,08/28/2020,0.0,0.1,hq4
3252,08/28/2020 11:40:00,08/28/2020 19:25:00,08/28/2020,465.0,16.5,hq4
3253,08/28/2020 21:50:00,08/29/2020 09:20:00,08/28/2020,690.0,28.899999999999995,hq4
3254,08/29/2020 11:25:00,08/29/2020 15:00:00,08/29/2020,215.0,0.4,hq4
3255,09/01/2020 17:15:00,09/01/2020 17:20:00,09/01/2020,5.0,2.1,hq4
3256,09/02/2020 13:25:00,09/02/2020 13:25:00,09/02/2020,0.0,0.1,hq4
3257,09/09/2020 17:25:00,09/09/2020 17:45:00,09/09/2020,20.0,2.6,hq4
3258,09/10/2020 15:25:00,09/10/2020 15:25:00,09/10/2020,0.0,0.1,hq4
3259,09/10/2020 19:10:00,09/11/2020 09:45:00,09/10/2020,875.0,34.80000000000001,hq4
3260,09/11/2020 17:10:00,09/11/2020 17:10:00,09/11/2020,0.0,0.1,hq4
3261,09/13/2020 20:30:00,09/13/2020 21:45:00,09/13/2020,75.0,1.8,hq4
3262,09/14/2020 14:15:00,09/14/2020 16:00:00,09/14/2020,105.0,13.5,hq4
3263,09/14/2020 19:55:00,09/14/2020 19:55:00,09/14/2020,0.0,0.1,hq4
3264,09/15/2020 06:00:00,09/15/2020 20:20:00,09/15/2020,860.0,33.50000000000001,hq4
3265,09/16/2020 01:15:00,09/16/2020 06:10:00,09/16/2020,295.0,8.3,hq4
3266,09/16/2020 21:35:00,09/17/2020 06:25:00,09/16/2020,530.0,31.1,hq4
3267,09/17/2020 10:00:00,09/18/2020 03:25:00,09/17/2020,1045.0,39.10000000000001,hq4
3268,09/18/2020 06:55:00,09/18/2020 06:55:00,09/18/2020,0.0,0.1,hq4
3269,09/18/2020 10:40:00,09/18/2020 14:35:00,09/18/2020,235.0,4.5,hq4
3270,09/18/2020 17:00:00,09/18/2020 17:30:00,09/18/2020,30.0,0.2,hq4
3271,09/18/2020 19:50:00,09/18/2020 19:50:00,09/18/2020,0.0,0.2,hq4
3272,09/23/2020 05:05:00,09/23/2020 06:25:00,09/23/2020,80.0,3.7,hq4
3273,09/23/2020 11:15:00,09/23/2020 13:40:00,09/23/2020,145.0,17.500000000000004,hq4
3274,09/23/2020 16:35:00,09/23/2020 16:35:00,09/23/2020,0.0,0.1,hq4
3275,10/03/2020 22:20:00,10/04/2020 08:30:00,10/03/2020,610.0,25.300000000000004,hq4
3276,10/04/2020 14:30:00,10/04/2020 15:20:00,10/04/2020,50.0,2.6,hq4
3277,10/04/2020 21:40:00,10/04/2020 23:30:00,10/04/2020,110.0,0.6,hq4
3278,10/15/2020 21:35:00,10/16/2020 01:45:00,10/15/2020,250.0,1.5000000000000004,hq4
3279,10/16/2020 05:05:00,10/16/2020 05:20:00,10/16/2020,15.0,0.2,hq4
3280,10/16/2020 08:45:00,10/16/2020 10:45:00,10/16/2020,120.0,1.5000000000000002,hq4
3281,10/16/2020 13:30:00,10/16/2020 20:50:00,10/16/2020,440.0,3.200000000000001,hq4
3282,10/21/2020 06:05:00,10/21/2020 06:35:00,10/21/2020,30.0,0.5,hq4
3283,10/21/2020 09:15:00,10/21/2020 10:05:00,10/21/2020,50.0,2.0,hq4
3284,10/21/2020 20:15:00,10/21/2020 20:15:00,10/21/2020,0.0,0.1,hq4
3285,11/01/2020 19:45:00,11/01/2020 20:40:00,11/01/2020,55.0,0.4,hq4
3286,11/02/2020 00:35:00,11/02/2020 04:50:00,11/02/2020,255.0,1.2000000000000002,hq4
3287,11/20/2020 00:20:00,11/20/2020 02:30:00,11/20/2020,130.0,2.7,hq4
3288,11/20/2020 09:35:00,11/20/2020 10:00:00,11/20/2020,25.0,0.2,hq4
3289,11/21/2020 21:25:00,11/22/2020 02:10:00,11/21/2020,285.0,1.3000000000000005,hq4
3290,11/22/2020 17:55:00,11/22/2020 17:55:00,11/22/2020,0.0,0.1,hq4
3291,11/23/2020 20:00:00,11/24/2020 08:40:00,11/23/2020,760.0,2.7000000000000006,hq4
3292,11/24/2020 12:10:00,11/25/2020 08:00:00,11/24/2020,1190.0,9.2,hq4
3293,11/25/2020 11:20:00,11/26/2020 05:25:00,11/25/2020,1085.0,27.000000000000004,hq4
3294,11/26/2020 08:20:00,11/26/2020 09:15:00,11/26/2020,55.0,0.4,hq4
3295,11/26/2020 11:35:00,11/26/2020 13:40:00,11/26/2020,125.0,0.3,hq4
3296,11/26/2020 15:45:00,11/26/2020 19:30:00,11/26/2020,225.0,2.0,hq4
3297,11/26/2020 22:15:00,11/27/2020 08:35:00,11/26/2020,620.0,2.4000000000000004,hq4
3298,11/27/2020 12:35:00,11/27/2020 12:35:00,11/27/2020,0.0,0.1,hq4
3299,11/27/2020 15:50:00,11/27/2020 15:50:00,11/27/2020,0.0,0.2,hq4
3300,12/11/2020 10:10:00,12/11/2020 10:15:00,12/11/2020,5.0,0.2,hq4
3301,12/13/2020 22:30:00,12/14/2020 02:40:00,12/13/2020,250.0,3.4000000000000004,hq4
3302,12/18/2020 04:05:00,12/18/2020 07:05:00,12/18/2020,180.0,0.6000000000000001,hq4
3303,12/27/2020 00:00:00,12/27/2020 00:00:00,12/27/2020,0.0,0.1,hq4
3304,12/29/2020 14:10:00,12/30/2020 02:10:00,12/29/2020,720.0,6.1999999999999975,hq4
3305,01/04/2021 17:15:00,01/04/2021 17:25:00,01/04/2021,10.0,0.2,hq4
3306,01/22/2021 04:30:00,01/22/2021 08:05:00,01/22/2021,215.0,0.6,hq4
3307,01/22/2021 11:15:00,01/22/2021 14:25:00,01/22/2021,190.0,0.5,hq4
3308,01/22/2021 17:35:00,01/22/2021 23:40:00,01/22/2021,365.0,2.6000000000000005,hq4
3309,01/23/2021 02:05:00,01/23/2021 02:05:00,01/23/2021,0.0,0.1,hq4
3310,01/23/2021 10:30:00,01/23/2021 11:15:00,01/23/2021,45.0,0.5,hq4
3311,01/25/2021 23:50:00,01/26/2021 06:30:00,01/25/2021,400.0,4.0,hq4
3312,01/26/2021 11:35:00,01/26/2021 12:25:00,01/26/2021,50.0,0.3,hq4
3313,01/26/2021 17:10:00,01/26/2021 19:15:00,01/26/2021,125.0,0.5,hq4
3314,02/01/2021 05:15:00,02/01/2021 10:25:00,02/01/2021,310.0,4.000000000000001,hq4
3315,02/01/2021 14:40:00,02/01/2021 17:25:00,02/01/2021,165.0,4.199999999999999,hq4
3316,02/05/2021 02:30:00,02/05/2021 07:10:00,02/05/2021,280.0,2.5000000000000004,hq4
3317,02/05/2021 15:50:00,02/05/2021 16:35:00,02/05/2021,45.0,0.6,hq4
3318,02/11/2021 09:10:00,02/11/2021 23:55:00,02/11/2021,885.0,11.900000000000002,hq4
3319,02/12/2021 12:20:00,02/12/2021 13:15:00,02/12/2021,55.0,0.2,hq4
3320,02/25/2021 13:25:00,02/26/2021 17:50:00,02/25/2021,1705.0,11.3,hq4
3321,02/27/2021 10:05:00,02/27/2021 12:25:00,02/27/2021,140.0,0.8,hq4
3322,02/27/2021 18:10:00,02/27/2021 20:45:00,02/27/2021,155.0,0.8,hq4
3323,02/28/2021 00:05:00,02/28/2021 07:40:00,02/28/2021,455.0,3.000000000000001,hq4
3324,03/01/2021 01:35:00,03/01/2021 02:55:00,03/01/2021,80.0,0.7999999999999999,hq4
3325,03/01/2021 05:15:00,03/01/2021 07:40:00,03/01/2021,145.0,1.7999999999999998,hq4
3326,03/01/2021 10:40:00,03/01/2021 22:55:00,03/01/2021,735.0,7.499999999999998,hq4
3327,03/02/2021 05:35:00,03/02/2021 05:35:00,03/02/2021,0.0,0.1,hq4
3328,03/03/2021 23:30:00,03/04/2021 07:35:00,03/03/2021,485.0,5.1,hq4
3329,03/06/2021 00:15:00,03/06/2021 00:15:00,03/06/2021,0.0,0.1,hq4
3330,03/06/2021 04:55:00,03/06/2021 07:55:00,03/06/2021,180.0,0.7,hq4
3331,03/06/2021 10:10:00,03/06/2021 10:35:00,03/06/2021,25.0,0.2,hq4
3332,03/06/2021 21:10:00,03/06/2021 22:30:00,03/06/2021,80.0,0.3,hq4
3333,03/07/2021 00:40:00,03/07/2021 02:15:00,03/07/2021,95.0,1.5,hq4
3334,03/07/2021 04:25:00,03/07/2021 08:15:00,03/07/2021,230.0,4.5,hq4
3335,03/07/2021 10:20:00,03/07/2021 10:50:00,03/07/2021,30.0,0.3,hq4
3336,03/08/2021 18:35:00,03/08/2021 22:30:00,03/08/2021,235.0,2.3000000000000003,hq4
3337,03/11/2021 05:35:00,03/11/2021 17:50:00,03/11/2021,735.0,13.500000000000002,hq4
3338,03/15/2021 20:50:00,03/16/2021 05:15:00,03/15/2021,505.0,11.199999999999998,hq4
3339,03/17/2021 13:40:00,03/17/2021 14:50:00,03/17/2021,70.0,1.0,hq4
3340,03/17/2021 18:00:00,03/17/2021 19:35:00,03/17/2021,95.0,0.3,hq4
3341,03/19/2021 05:05:00,03/19/2021 07:25:00,03/19/2021,140.0,7.8,hq4
3342,03/19/2021 11:40:00,03/19/2021 13:10:00,03/19/2021,90.0,2.4000000000000004,hq4
3343,03/20/2021 01:45:00,03/20/2021 05:15:00,03/20/2021,210.0,1.4,hq4
3344,03/20/2021 16:10:00,03/20/2021 16:10:00,03/20/2021,0.0,0.1,hq4
3345,03/27/2021 04:20:00,03/27/2021 07:25:00,03/27/2021,185.0,2.8000000000000003,hq4
3346,03/27/2021 11:10:00,03/27/2021 11:10:00,03/27/2021,0.0,0.1,hq4
3347,03/31/2021 04:15:00,03/31/2021 07:50:00,03/31/2021,215.0,3.100000000000001,hq4
3348,03/31/2021 21:35:00,04/01/2021 05:15:00,03/31/2021,460.0,6.399999999999999,hq4
3349,04/02/2021 04:10:00,04/02/2021 04:15:00,04/02/2021,5.0,0.2,hq4
3350,04/07/2021 17:10:00,04/08/2021 00:05:00,04/07/2021,415.0,3.0000000000000004,hq4
3351,04/08/2021 02:20:00,04/08/2021 03:35:00,04/08/2021,75.0,0.5,hq4
3352,04/08/2021 07:00:00,04/08/2021 07:20:00,04/08/2021,20.0,0.3,hq4
3353,04/11/2021 10:30:00,04/12/2021 08:35:00,04/11/2021,1325.0,35.20000000000001,hq4
3354,04/12/2021 12:15:00,04/12/2021 13:25:00,04/12/2021,70.0,0.3,hq4
3355,04/22/2021 15:30:00,04/22/2021 15:35:00,04/22/2021,5.0,0.2,hq4
3356,04/24/2021 10:05:00,04/24/2021 11:55:00,04/24/2021,110.0,0.3,hq4
3357,04/27/2021 04:30:00,04/27/2021 13:05:00,04/27/2021,515.0,3.7000000000000006,hq4
3358,04/27/2021 16:45:00,04/27/2021 20:20:00,04/27/2021,215.0,1.7000000000000004,hq4
3359,05/04/2021 01:15:00,05/04/2021 04:35:00,05/04/2021,200.0,6.799999999999999,hq4
3360,05/04/2021 06:50:00,05/04/2021 09:05:00,05/04/2021,135.0,0.8999999999999999,hq4
3361,05/04/2021 11:20:00,05/04/2021 13:55:00,05/04/2021,155.0,0.9,hq4
3362,05/06/2021 21:25:00,05/06/2021 21:25:00,05/06/2021,0.0,0.1,hq4
3363,05/11/2021 02:50:00,05/11/2021 06:50:00,05/11/2021,240.0,4.999999999999999,hq4
3364,05/11/2021 13:45:00,05/11/2021 15:45:00,05/11/2021,120.0,3.6,hq4
3365,05/11/2021 22:45:00,05/12/2021 00:35:00,05/11/2021,110.0,0.7999999999999999,hq4
3366,05/12/2021 03:45:00,05/12/2021 05:05:00,05/12/2021,80.0,0.6,hq4
3367,05/13/2021 08:20:00,05/13/2021 09:15:00,05/13/2021,55.0,0.6,hq4
3368,05/14/2021 01:05:00,05/14/2021 02:45:00,05/14/2021,100.0,0.3,hq4
3369,05/14/2021 05:00:00,05/14/2021 05:00:00,05/14/2021,0.0,0.1,hq4
3370,05/14/2021 20:30:00,05/14/2021 22:30:00,05/14/2021,120.0,10.4,hq4
3371,05/16/2021 02:25:00,05/16/2021 08:50:00,05/16/2021,385.0,51.5,hq4
3372,05/16/2021 23:00:00,05/16/2021 23:25:00,05/16/2021,25.0,0.2,hq4
3373,05/17/2021 02:45:00,05/17/2021 04:00:00,05/17/2021,75.0,1.1,hq4
3374,05/17/2021 06:50:00,05/17/2021 07:15:00,05/17/2021,25.0,0.3,hq4
3375,05/18/2021 01:20:00,05/18/2021 01:55:00,05/18/2021,35.0,0.7,hq4
3376,05/18/2021 23:40:00,05/18/2021 23:40:00,05/18/2021,0.0,0.1,hq4
3377,05/19/2021 13:35:00,05/20/2021 03:00:00,05/19/2021,805.0,13.8,hq4
3378,05/23/2021 07:05:00,05/23/2021 18:15:00,05/23/2021,670.0,24.8,hq4
3379,05/23/2021 20:40:00,05/23/2021 22:05:00,05/23/2021,85.0,0.4,hq4
3380,05/26/2021 03:25:00,05/26/2021 03:35:00,05/26/2021,10.0,0.2,hq4
3381,05/26/2021 09:25:00,05/26/2021 21:05:00,05/26/2021,700.0,32.00000000000001,hq4
3382,05/27/2021 00:30:00,05/27/2021 00:30:00,05/27/2021,0.0,0.1,hq4
3383,06/01/2021 17:55:00,06/02/2021 02:20:00,06/01/2021,505.0,1.9000000000000008,hq4
3384,06/02/2021 06:05:00,06/02/2021 12:20:00,06/02/2021,375.0,4.1,hq4
3385,06/02/2021 15:40:00,06/02/2021 15:40:00,06/02/2021,0.0,0.1,hq4
3386,06/03/2021 16:20:00,06/03/2021 18:25:00,06/03/2021,125.0,0.8,hq4
3387,06/03/2021 23:45:00,06/04/2021 02:40:00,06/03/2021,175.0,2.9000000000000004,hq4
3388,06/04/2021 05:10:00,06/04/2021 05:10:00,06/04/2021,0.0,0.1,hq4
3389,06/09/2021 22:45:00,06/09/2021 22:45:00,06/09/2021,0.0,0.1,hq4
3390,06/10/2021 09:35:00,06/10/2021 12:20:00,06/10/2021,165.0,0.8999999999999999,hq4
3391,06/10/2021 15:00:00,06/10/2021 15:05:00,06/10/2021,5.0,0.4,hq4
3392,06/10/2021 17:50:00,06/10/2021 22:40:00,06/10/2021,290.0,8.499999999999996,hq4
3393,06/13/2021 04:15:00,06/13/2021 06:30:00,06/13/2021,135.0,0.4,hq4
3394,06/13/2021 09:40:00,06/13/2021 09:40:00,06/13/2021,0.0,0.1,hq4
3395,06/13/2021 12:10:00,06/13/2021 13:55:00,06/13/2021,105.0,8.7,hq4
3396,06/13/2021 16:25:00,06/13/2021 16:50:00,06/13/2021,25.0,1.6,hq4
3397,06/13/2021 21:40:00,06/13/2021 23:15:00,06/13/2021,95.0,0.2,hq4
3398,06/14/2021 08:55:00,06/14/2021 10:55:00,06/14/2021,120.0,3.8,hq4
3399,06/14/2021 14:15:00,06/14/2021 14:15:00,06/14/2021,0.0,0.1,hq4
3400,06/15/2021 10:10:00,06/15/2021 10:10:00,06/15/2021,0.0,0.1,hq4
3401,06/15/2021 18:05:00,06/15/2021 18:30:00,06/15/2021,25.0,4.1,hq4
3402,06/17/2021 09:05:00,06/17/2021 15:20:00,06/17/2021,375.0,17.400000000000002,hq4
3403,06/18/2021 08:00:00,06/18/2021 08:00:00,06/18/2021,0.0,0.1,hq4
3404,06/18/2021 14:55:00,06/19/2021 04:35:00,06/18/2021,820.0,8.7,hq4
3405,06/19/2021 08:40:00,06/19/2021 17:15:00,06/19/2021,515.0,10.599999999999998,hq4
3406,06/20/2021 00:40:00,06/20/2021 00:40:00,06/20/2021,0.0,0.1,hq4
3407,06/26/2021 02:25:00,06/26/2021 07:40:00,06/26/2021,315.0,6.899999999999999,hq4
3408,06/26/2021 10:10:00,06/26/2021 10:50:00,06/26/2021,40.0,0.7,hq4
3409,06/26/2021 20:05:00,06/27/2021 05:10:00,06/26/2021,545.0,3.6000000000000005,hq4
3410,06/27/2021 08:15:00,06/27/2021 08:35:00,06/27/2021,20.0,0.7,hq4
3411,06/27/2021 13:35:00,06/27/2021 15:40:00,06/27/2021,125.0,3.2,hq4
3412,06/27/2021 19:05:00,06/27/2021 22:30:00,06/27/2021,205.0,0.6,hq4
3413,06/28/2021 01:20:00,06/28/2021 02:25:00,06/28/2021,65.0,0.2,hq4
3414,06/28/2021 08:00:00,06/28/2021 10:00:00,06/28/2021,120.0,3.2,hq4
3415,07/01/2021 23:35:00,07/02/2021 02:05:00,07/01/2021,150.0,2.0,hq4
3416,07/02/2021 05:15:00,07/02/2021 08:00:00,07/02/2021,165.0,0.4,hq4
3417,07/02/2021 10:15:00,07/02/2021 11:35:00,07/02/2021,80.0,0.7,hq4
3418,07/02/2021 14:50:00,07/02/2021 16:20:00,07/02/2021,90.0,15.3,hq4
3419,07/02/2021 18:40:00,07/02/2021 18:40:00,07/02/2021,0.0,0.1,hq4
3420,07/03/2021 07:20:00,07/03/2021 08:15:00,07/03/2021,55.0,1.0,hq4
3421,07/03/2021 15:35:00,07/03/2021 16:35:00,07/03/2021,60.0,10.9,hq4
3422,07/03/2021 19:25:00,07/03/2021 22:35:00,07/03/2021,190.0,7.699999999999999,hq4
3423,07/04/2021 04:05:00,07/04/2021 09:25:00,07/04/2021,320.0,1.9000000000000004,hq4
3424,07/05/2021 21:55:00,07/06/2021 01:00:00,07/05/2021,185.0,11.0,hq4
3425,07/07/2021 18:30:00,07/07/2021 20:10:00,07/07/2021,100.0,10.3,hq4
3426,07/08/2021 15:10:00,07/08/2021 22:25:00,07/08/2021,435.0,33.7,hq4
3427,07/09/2021 04:40:00,07/09/2021 06:35:00,07/09/2021,115.0,3.1,hq4
3428,07/10/2021 01:20:00,07/10/2021 02:00:00,07/10/2021,40.0,3.9,hq4
3429,07/10/2021 09:30:00,07/10/2021 09:30:00,07/10/2021,0.0,0.1,hq4
3430,07/10/2021 15:50:00,07/10/2021 16:50:00,07/10/2021,60.0,2.1,hq4
3431,07/10/2021 19:20:00,07/10/2021 22:20:00,07/10/2021,180.0,3.8,hq4
3432,07/24/2021 03:40:00,07/24/2021 13:55:00,07/24/2021,615.0,28.800000000000004,hq4
3433,07/24/2021 21:10:00,07/28/2021 08:15:00,07/24/2021,4985.0,286.3,hq4
3434,07/29/2021 14:25:00,07/29/2021 15:30:00,07/29/2021,65.0,19.3,hq4
3435,07/31/2021 09:30:00,07/31/2021 11:10:00,07/31/2021,100.0,42.1,hq4
3436,08/01/2021 08:05:00,08/01/2021 09:15:00,08/01/2021,70.0,2.1,hq4
3437,08/01/2021 14:45:00,08/01/2021 16:35:00,08/01/2021,110.0,1.3000000000000005,hq4
3438,08/02/2021 23:50:00,08/02/2021 23:50:00,08/02/2021,0.0,0.1,hq4
3439,08/03/2021 03:15:00,08/03/2021 04:15:00,08/03/2021,60.0,0.6,hq4
3440,08/03/2021 10:00:00,08/03/2021 11:55:00,08/03/2021,115.0,1.1,hq4
3441,08/03/2021 15:55:00,08/03/2021 15:55:00,08/03/2021,0.0,0.4,hq4
3442,08/06/2021 15:35:00,08/06/2021 15:35:00,08/06/2021,0.0,0.8,hq4
3443,08/09/2021 23:35:00,08/10/2021 00:25:00,08/09/2021,50.0,0.2,hq4
3444,08/10/2021 15:40:00,08/10/2021 18:35:00,08/10/2021,175.0,8.0,hq4
3445,08/11/2021 11:25:00,08/11/2021 13:50:00,08/11/2021,145.0,2.2,hq4
3446,08/11/2021 17:30:00,08/12/2021 02:15:00,08/11/2021,525.0,10.6,hq4
3447,08/12/2021 11:30:00,08/12/2021 14:35:00,08/12/2021,185.0,2.7,hq4
3448,08/13/2021 16:30:00,08/14/2021 11:30:00,08/13/2021,1140.0,45.00000000000001,hq4
3449,08/14/2021 14:05:00,08/14/2021 20:50:00,08/14/2021,405.0,3.9,hq4
3450,08/15/2021 01:15:00,08/15/2021 10:25:00,08/15/2021,550.0,48.8,hq4
3451,08/15/2021 14:15:00,08/15/2021 21:10:00,08/15/2021,415.0,3.7000000000000006,hq4
3452,08/16/2021 06:20:00,08/16/2021 06:30:00,08/16/2021,10.0,1.1,hq4
3453,08/16/2021 08:40:00,08/16/2021 08:40:00,08/16/2021,0.0,0.1,hq4
3454,08/16/2021 12:15:00,08/17/2021 00:00:00,08/16/2021,705.0,21.4,hq4
3455,08/17/2021 03:40:00,08/17/2021 03:40:00,08/17/2021,0.0,0.2,hq4
3456,08/21/2021 06:25:00,08/21/2021 06:40:00,08/21/2021,15.0,0.2,hq4
3457,08/21/2021 10:40:00,08/21/2021 10:40:00,08/21/2021,0.0,0.2,hq4
3458,08/22/2021 13:35:00,08/22/2021 14:30:00,08/22/2021,55.0,2.8000000000000003,hq4
3459,08/23/2021 19:55:00,08/23/2021 19:55:00,08/23/2021,0.0,0.5,hq4
3460,08/24/2021 08:20:00,08/24/2021 08:20:00,08/24/2021,0.0,0.1,hq4
3461,08/24/2021 21:10:00,08/24/2021 21:10:00,08/24/2021,0.0,0.1,hq4
3462,08/25/2021 03:45:00,08/25/2021 05:30:00,08/25/2021,105.0,1.2000000000000002,hq4
3463,08/26/2021 22:25:00,08/27/2021 00:00:00,08/26/2021,95.0,26.3,hq4
3464,09/01/2021 18:05:00,09/01/2021 18:05:00,09/01/2021,0.0,0.7,hq4
3465,09/02/2021 14:45:00,09/02/2021 15:15:00,09/02/2021,30.0,1.0,hq4
3466,09/03/2021 02:35:00,09/03/2021 07:30:00,09/03/2021,295.0,21.1,hq4
