,rr time,fl time,perf
astlingen_02_28_2007_12,18.735638856887817,21.015656953933192,1635.5427359489631
astlingen_08_22_2007_21,6.18544864654541,20.500104320460352,2765.875805966102
astlingen_07_24_2008_15,11.060134172439575,20.915816275136812,202.50716980331364
astlingen_02_13_2009_15,13.51680850982666,20.940827830978062,2948.8477853657664
astlingen_10_01_2009_14,9.60496211051941,21.19616513699293,3246.8385321348233
