,rr time,fl time,perf
astlingen_02_28_2007_12,19.142385244369507,21.44010406849431,1850.9403027158653
astlingen_08_22_2007_21,7.262644052505493,20.848622938682293,2751.5581797660393
astlingen_07_24_2008_15,10.308938264846802,21.463244321090833,384.0019378896852
astlingen_02_13_2009_15,12.677903652191162,20.95566091157388,2962.836058500515
astlingen_10_01_2009_14,8.728508234024048,21.024239860475063,3270.891413568782
